data,concurso,mes,dezena_1,dezena_2,dezena_3,dezena_4,dezena_5,dezena_6,dezena_7
2018-05-19,1,Fevereiro,3,5,8,9,19,21,30
2018-05-22,2,Dezembro,8,11,12,14,20,21,28
2018-05-24,3,Abril,11,12,21,24,25,28,29
2018-05-26,4,Janeiro,6,7,13,15,18,19,29
2018-05-29,5,Dezembro,2,8,9,17,19,24,28
2018-06-02,6,Fevereiro,1,11,18,19,26,30,31
2018-06-05,7,Janeiro,2,5,6,14,20,24,25
2018-06-07,8,Setembro,1,4,13,21,22,24,27
2018-06-09,9,Agosto,3,10,13,18,19,23,24
2018-06-12,10,Agosto,6,10,13,18,19,20,30
2018-06-14,11,Setembro,7,13,16,19,20,27,31
2018-06-16,12,Setembro,2,3,7,12,17,21,22
2018-06-19,13,Abril,1,4,7,9,20,21,26
2018-06-21,14,Novembro,1,8,16,20,21,26,31
2018-06-23,15,Novembro,8,11,13,16,26,28,29
2018-06-26,16,Outubro,1,2,7,12,16,20,25
2018-06-28,17,Junho,9,11,13,14,19,20,22
2018-06-30,18,Junho,4,7,8,14,21,27,31
2018-07-03,19,Outubro,3,4,9,12,14,28,29
2018-07-05,20,Outubro,6,12,17,21,26,29,31
2018-07-07,21,Março,2,8,10,11,12,18,31
2018-07-10,22,Julho,2,4,5,12,18,22,27
2018-07-12,23,Maio,9,10,17,19,25,27,28
2018-07-14,24,Outubro,7,8,12,15,16,18,30
2018-07-17,25,Julho,1,10,13,17,21,25,29
2018-07-19,26,Agosto,2,8,10,11,16,20,28
2018-07-21,27,Fevereiro,6,12,15,17,20,23,28
2018-07-24,28,Novembro,2,9,12,15,18,20,24
2018-07-26,29,Fevereiro,3,5,13,21,22,24,27
2018-07-28,30,Novembro,4,8,9,17,20,27,30
2018-07-31,31,Junho,4,6,7,9,11,24,28
2018-08-02,32,Março,3,4,7,16,18,20,27
2018-08-04,33,Setembro,3,10,12,13,23,28,31
2018-08-07,34,Dezembro,6,12,15,18,23,27,29
2018-08-09,35,Novembro,3,7,11,12,17,22,23
2018-08-11,36,Junho,2,7,11,12,13,16,27
2018-08-14,37,Janeiro,2,7,12,16,18,22,23
2018-08-16,38,Julho,8,15,17,18,26,29,30
2018-08-18,39,Março,4,5,6,9,13,25,30
2018-08-21,40,Setembro,2,10,12,14,19,21,27
2018-08-23,41,Dezembro,7,12,23,25,27,30,31
2018-08-25,42,Junho,6,11,14,16,17,29,31
2018-08-28,43,Abril,4,7,17,18,27,28,31
2018-08-30,44,Junho,7,9,15,23,26,30,31
2018-09-01,45,Setembro,2,5,7,12,15,29,30
2018-09-04,46,Agosto,1,4,5,8,10,16,30
2018-09-06,47,Setembro,5,7,13,15,16,20,22
2018-09-08,48,Abril,6,8,10,17,23,29,31
2018-09-11,49,Janeiro,4,11,16,17,20,23,31
2018-09-13,50,Setembro,14,16,17,18,22,23,31
2018-09-15,51,Setembro,2,8,10,14,16,24,28
2018-09-18,52,Setembro,7,12,14,20,22,24,26
2018-09-20,53,Abril,3,7,16,18,19,25,30
2018-09-22,54,Agosto,4,11,18,21,24,25,27
2018-09-25,55,Outubro,1,8,16,18,22,25,28
2018-09-27,56,Dezembro,9,10,15,16,17,23,31
2018-09-29,57,Outubro,3,5,10,12,18,26,28
2018-10-02,58,Agosto,11,12,13,24,25,29,30
2018-10-04,59,Outubro,3,4,5,8,10,24,25
2018-10-06,60,Outubro,1,6,7,8,17,18,22
2018-10-09,61,Abril,5,8,10,13,19,25,28
2018-10-11,62,Dezembro,7,11,13,18,23,28,30
2018-10-13,63,Agosto,2,3,6,9,27,28,29
2018-10-16,64,Janeiro,5,6,8,17,18,20,27
2018-10-18,65,Fevereiro,7,20,21,27,28,30,31
2018-10-20,66,Setembro,4,6,10,11,12,17,24
2018-10-23,67,Outubro,1,4,8,14,19,22,26
2018-10-25,68,Janeiro,1,4,6,14,20,21,27
2018-10-27,69,Julho,1,3,5,6,8,26,29
2018-10-30,70,Dezembro,2,4,5,9,11,28,29
2018-11-01,71,Setembro,4,6,7,8,24,27,31
2018-11-03,72,Abril,1,2,6,8,9,18,21
2018-11-06,73,Agosto,8,9,10,11,14,18,23
2018-11-08,74,Junho,6,12,15,17,20,23,29
2018-11-10,75,Janeiro,2,3,6,14,28,30,31
2018-11-13,76,Outubro,10,15,16,21,25,26,29
2018-11-17,77,Setembro,6,7,11,12,14,19,21
2018-11-20,78,Outubro,4,6,8,13,14,19,23
2018-11-22,79,Setembro,1,8,10,12,15,21,28
2018-11-24,80,Junho,2,3,4,10,18,19,28
2018-11-27,81,Fevereiro,6,10,12,25,26,27,29
2018-11-29,82,Abril,2,9,10,13,16,17,22
2018-12-01,83,Maio,2,9,10,13,15,21,26
2018-12-04,84,Maio,7,10,15,16,18,19,24
2018-12-06,85,Junho,3,7,21,22,23,26,31
2018-12-08,86,Fevereiro,3,6,8,9,11,19,26
2018-12-11,87,Janeiro,7,9,10,15,18,21,22
2018-12-13,88,Maio,3,4,17,18,19,23,27
2018-12-15,89,Julho,3,6,16,18,19,24,31
2018-12-18,90,Maio,1,5,6,8,12,23,26
2018-12-20,91,Abril,8,10,15,16,23,28,29
2018-12-22,92,Dezembro,5,7,8,9,15,26,29
2018-12-27,93,Agosto,1,8,9,16,21,23,30
2018-12-29,94,Setembro,7,10,13,15,19,23,26
2019-01-03,95,Julho,5,7,8,18,20,23,28
2019-01-05,96,Maio,3,4,9,15,17,28,29
2019-01-08,97,Novembro,1,10,12,22,23,25,28
2019-01-10,98,Setembro,1,3,7,12,26,27,28
2019-01-12,99,Março,4,14,20,27,28,29,30
2019-01-15,100,Maio,3,4,8,15,16,20,21
2019-01-17,101,Dezembro,4,5,9,13,19,20,29
2019-01-19,102,Maio,4,7,10,19,22,26,28
2019-01-22,103,Janeiro,4,5,19,23,25,26,31
2019-01-24,104,Dezembro,3,13,20,25,26,27,30
2019-01-26,105,Agosto,3,7,8,12,21,24,29
2019-01-29,106,Dezembro,5,8,17,20,25,26,28
2019-01-31,107,Junho,4,7,13,15,18,20,23
2019-02-02,108,Novembro,2,6,15,17,22,24,25
2019-02-05,109,Julho,3,18,20,23,24,26,28
2019-02-07,110,Março,4,8,10,11,14,18,26
2019-02-09,111,Fevereiro,1,6,8,14,17,21,26
2019-02-12,112,Dezembro,11,13,18,21,24,25,26
2019-02-14,113,Maio,6,9,10,12,17,27,30
2019-02-16,114,Novembro,7,8,9,23,26,29,31
2019-02-19,115,Fevereiro,7,8,13,16,18,21,22
2019-02-21,116,Março,2,5,12,16,18,24,30
2019-02-23,117,Outubro,5,7,9,16,18,20,27
2019-02-26,118,Outubro,2,5,7,9,15,22,30
2019-02-28,119,Novembro,2,3,6,12,24,25,28
2019-03-02,120,Fevereiro,2,8,16,21,22,27,28
2019-03-07,121,Julho,3,9,10,12,14,19,24
2019-03-09,122,Abril,12,13,14,15,16,23,31
2019-03-12,123,Agosto,6,11,16,18,19,21,23
2019-03-14,124,Novembro,12,15,20,21,22,24,27
2019-03-16,125,Dezembro,1,8,12,13,17,26,30
2019-03-19,126,Agosto,9,11,14,18,24,27,29
2019-03-21,127,Maio,1,5,7,9,17,21,22
2019-03-23,128,Maio,2,7,8,15,19,20,22
2019-03-26,129,Outubro,6,12,13,15,16,28,29
2019-03-28,130,Janeiro,5,8,10,20,23,25,28
2019-03-30,131,Março,4,5,11,22,26,27,30
2019-04-02,132,Outubro,3,11,14,18,19,23,26
2019-04-04,133,Março,1,4,8,10,20,22,31
2019-04-06,134,Maio,1,2,8,10,14,16,18
2019-04-09,135,Janeiro,2,5,6,11,25,27,28
2019-04-11,136,Março,17,19,20,21,23,27,30
2019-04-13,137,Dezembro,3,5,6,8,16,19,28
2019-04-16,138,Junho,9,13,15,17,21,27,29
2019-04-18,139,Julho,3,4,11,13,18,19,22
2019-04-20,140,Março,5,8,9,12,14,17,22
2019-04-23,141,Julho,2,7,9,15,23,25,30
2019-04-25,142,Junho,6,11,18,21,23,29,30
2019-04-27,143,Janeiro,5,10,11,15,22,29,31
2019-04-30,144,Novembro,2,4,7,8,13,15,27
2019-05-02,145,Dezembro,2,3,6,10,11,13,15
2019-05-04,146,Março,1,8,9,17,18,19,23
2019-05-07,147,Janeiro,2,3,6,8,9,22,27
2019-05-09,148,Setembro,7,9,11,18,21,22,29
2019-05-11,149,Agosto,3,16,20,21,25,26,30
2019-05-14,150,Agosto,1,2,7,16,17,26,29
2019-05-16,151,Novembro,3,11,13,17,22,29,31
2019-05-18,152,Julho,1,3,5,10,14,25,31
2019-05-21,153,Junho,2,13,21,23,25,29,30
2019-05-23,154,Dezembro,3,5,9,14,21,29,30
2019-05-25,155,Maio,3,13,15,16,25,27,28
2019-05-28,156,Abril,1,3,7,15,16,29,31
2019-05-30,157,Dezembro,2,10,17,18,20,25,29
2019-06-01,158,Março,7,14,20,23,27,28,29
2019-06-04,159,Outubro,1,10,14,17,23,28,31
2019-06-06,160,Novembro,4,8,9,12,13,25,30
2019-06-08,161,Dezembro,2,3,5,14,15,20,25
2019-06-11,162,Julho,6,10,11,14,20,24,25
2019-06-13,163,Dezembro,7,10,16,18,24,25,27
2019-06-15,164,Setembro,7,10,12,13,17,21,22
2019-06-18,165,Fevereiro,4,5,7,8,11,19,24
2019-06-22,166,Setembro,6,7,11,19,22,23,25
2019-06-25,167,Agosto,10,11,12,13,15,20,26
2019-06-27,168,Março,1,3,4,20,23,25,26
2019-06-29,169,Outubro,9,11,14,18,24,26,29
2019-07-02,170,Junho,1,9,10,11,15,20,21
2019-07-04,171,Dezembro,3,7,11,18,20,23,29
2019-07-06,172,Outubro,3,6,10,21,25,27,30
2019-07-09,173,Abril,2,7,11,13,25,27,28
2019-07-11,174,Fevereiro,3,5,6,7,17,19,25
2019-07-13,175,Dezembro,4,6,7,17,21,26,31
2019-07-16,176,Junho,3,4,6,9,10,18,29
2019-07-18,177,Outubro,3,11,17,18,24,25,28
2019-07-20,178,Setembro,2,3,4,9,12,23,24
2019-07-23,179,Outubro,3,4,5,11,21,24,30
2019-07-25,180,Novembro,5,13,20,21,23,25,30
2019-07-27,181,Agosto,6,8,10,15,17,26,28
2019-07-30,182,Outubro,2,3,7,15,22,26,31
2019-08-01,183,Novembro,5,7,16,17,21,24,27
2019-08-03,184,Agosto,6,9,10,14,16,17,22
2019-08-06,185,Junho,7,11,18,21,24,28,29
2019-08-08,186,Setembro,6,15,17,22,23,26,27
2019-08-10,187,Outubro,1,3,6,15,17,23,26
2019-08-13,188,Maio,8,12,21,23,24,26,28
2019-08-15,189,Novembro,2,7,13,16,18,20,29
2019-08-17,190,Julho,3,4,5,6,14,16,27
2019-08-20,191,Outubro,3,4,11,24,26,28,29
2019-08-22,192,Dezembro,4,11,14,15,18,28,31
2019-08-24,193,Julho,12,13,16,25,28,30,31
2019-08-27,194,Janeiro,3,4,7,9,15,21,23
2019-08-29,195,Fevereiro,2,3,5,14,15,22,23
2019-08-31,196,Agosto,4,13,14,22,26,29,30
2019-09-03,197,Abril,1,2,4,11,17,18,28
2019-09-05,198,Janeiro,1,2,9,10,16,23,28
2019-09-10,199,Julho,2,15,20,21,22,23,24
2019-09-12,200,Fevereiro,10,12,13,17,21,23,27
2019-09-14,201,Junho,2,7,9,13,14,16,29
2019-09-17,202,Setembro,5,6,7,11,21,26,29
2019-09-19,203,Dezembro,2,3,7,10,15,17,20
2019-09-21,204,Junho,2,11,20,21,27,28,31
2019-09-24,205,Maio,5,6,9,17,19,20,23
2019-09-26,206,Dezembro,13,16,21,23,24,27,28
2019-09-28,207,Julho,1,5,8,10,12,25,28
2019-10-01,208,Outubro,2,4,17,21,28,29,31
2019-10-03,209,Agosto,5,7,14,17,19,23,29
2019-10-05,210,Dezembro,7,10,18,19,20,23,27
2019-10-08,211,Maio,1,5,13,24,26,27,29
2019-10-10,212,Outubro,5,11,14,17,18,26,30
2019-10-15,213,Setembro,6,9,10,18,21,24,26
2019-10-17,214,Maio,2,9,11,13,21,28,29
2019-10-19,215,Junho,4,7,11,13,15,18,25
2019-10-22,216,Agosto,5,8,9,14,25,28,30
2019-10-24,217,Setembro,2,6,16,17,18,20,26
2019-10-26,218,Setembro,2,3,11,12,17,18,21
2019-10-29,219,Março,3,6,10,16,17,25,28
2019-10-31,220,Fevereiro,2,4,9,17,19,25,31
2019-11-05,221,Dezembro,3,6,7,9,15,27,31
2019-11-07,222,Abril,3,12,13,16,18,19,27
2019-11-09,223,Dezembro,3,4,10,11,14,19,28
2019-11-12,224,Março,1,6,8,14,17,19,23
2019-11-14,225,Abril,1,7,12,14,22,24,26
2019-11-16,226,Fevereiro,1,4,8,12,22,24,28
2019-11-19,227,Junho,2,11,12,15,17,20,25
2019-11-21,228,Dezembro,4,10,14,18,21,22,23
2019-11-23,229,Junho,9,13,15,21,25,27,30
2019-11-26,230,Maio,5,8,12,18,24,27,29
2019-11-28,231,Fevereiro,4,10,12,13,14,24,26
2019-11-30,232,Novembro,4,5,6,12,15,16,26
2019-12-03,233,Dezembro,3,6,7,16,22,23,28
2019-12-05,234,Dezembro,4,5,13,17,23,24,29
2019-12-07,235,Agosto,13,17,18,19,22,27,29
2019-12-10,236,Abril,4,5,6,9,11,19,23
2019-12-12,237,Agosto,3,6,14,18,19,29,31
2019-12-14,238,Agosto,1,2,10,19,24,26,28
2019-12-17,239,Agosto,5,13,15,23,27,29,30
2019-12-19,240,Outubro,1,4,8,13,19,22,25
2019-12-21,241,Julho,3,5,6,12,20,23,31
2019-12-24,242,Fevereiro,2,3,5,9,16,19,25
2019-12-26,243,Fevereiro,2,4,8,13,14,17,22
2019-12-28,244,Dezembro,1,6,12,13,15,16,29
2019-12-30,245,Maio,1,5,7,14,21,30,31
2020-01-02,246,Maio,9,10,14,16,18,19,24
2020-01-04,247,Agosto,2,9,10,12,17,25,28
2020-01-07,248,Junho,2,5,14,16,17,18,22
2020-01-09,249,Setembro,3,8,12,20,21,27,29
2020-01-11,250,Dezembro,1,5,10,14,15,29,30
2020-01-14,251,Março,5,11,14,18,20,27,31
2020-01-16,252,Dezembro,4,9,12,19,25,28,31
2020-01-18,253,Abril,4,12,14,19,23,28,29
2020-01-21,254,Fevereiro,18,20,21,22,25,27,31
2020-01-23,255,Julho,3,11,23,24,25,28,30
2020-01-25,256,Dezembro,1,5,12,16,27,30,31
2020-01-28,257,Maio,5,12,17,19,21,24,28
2020-01-30,258,Julho,1,2,3,9,13,24,30
2020-02-01,259,Setembro,6,9,10,13,21,26,29
2020-02-04,260,Junho,5,8,10,12,18,24,31
2020-02-06,261,Abril,5,8,9,18,23,26,31
2020-02-08,262,Junho,4,5,17,18,20,27,28
2020-02-11,263,Dezembro,9,18,19,21,23,27,30
2020-02-13,264,Dezembro,13,15,22,23,25,30,31
2020-02-15,265,Novembro,2,3,14,16,17,20,27
2020-02-18,266,Dezembro,1,3,10,14,17,30,31
2020-02-20,267,Outubro,1,2,6,9,13,20,30
2020-02-22,268,Março,2,3,14,16,17,21,29
2020-02-26,269,Junho,1,4,6,9,26,27,31
2020-02-27,270,Março,1,2,3,4,24,27,28
2020-02-29,271,Julho,7,15,17,20,21,24,29
2020-03-03,272,Fevereiro,3,5,6,10,12,16,21
2020-03-05,273,Novembro,3,11,12,19,20,26,28
2020-03-07,274,Março,2,3,4,6,8,10,30
2020-03-10,275,Novembro,7,10,12,14,24,27,28
2020-03-12,276,Agosto,4,5,15,16,18,27,30
2020-03-14,277,Agosto,2,3,10,13,21,22,31
2020-03-17,278,Setembro,5,8,13,21,22,24,26
2020-03-19,279,Novembro,3,7,10,13,24,25,28
2020-03-21,280,Junho,2,3,10,13,17,24,28
2020-03-24,281,Maio,5,7,9,14,24,26,31
2020-03-26,282,Novembro,7,8,16,22,23,25,31
2020-03-28,283,Maio,2,8,17,20,21,22,24
2020-03-31,284,Agosto,1,3,4,5,18,22,25
2020-04-02,285,Agosto,10,15,17,18,21,22,23
2020-04-04,286,Fevereiro,4,5,19,23,28,29,30
2020-04-07,287,Outubro,10,14,15,16,18,24,30
2020-04-09,288,Janeiro,7,11,16,21,23,28,30
2020-04-11,289,Fevereiro,2,4,14,17,19,21,30
2020-04-14,290,Fevereiro,5,12,13,18,21,23,29
2020-04-16,291,Novembro,2,3,5,7,10,17,20
2020-04-18,292,Novembro,1,4,5,19,22,23,24
2020-04-20,293,Novembro,3,7,13,20,25,27,28
2020-04-23,294,Outubro,4,5,10,12,14,19,24
2020-04-25,295,Maio,1,4,5,9,10,22,30
2020-04-28,296,Março,4,6,13,18,21,22,27
2020-04-30,297,Abril,10,13,14,15,20,23,29
2020-05-02,298,Janeiro,3,4,8,9,16,24,31
2020-05-05,299,Abril,3,14,15,17,20,21,22
2020-05-07,300,Novembro,10,15,16,17,24,25,31
2020-05-09,301,Novembro,11,18,22,27,28,29,30
2020-05-12,302,Janeiro,1,4,7,10,15,25,31
2020-05-14,303,Abril,5,13,15,16,18,25,30
2020-05-16,304,Janeiro,1,2,16,23,24,25,30
2020-05-19,305,Agosto,4,8,9,10,20,25,28
2020-05-21,306,Fevereiro,3,11,12,13,20,24,30
2020-05-23,307,Janeiro,4,8,14,15,16,24,27
2020-05-26,308,Janeiro,10,11,16,20,21,23,28
2020-05-28,309,Junho,2,5,10,11,12,18,19
2020-05-30,310,Abril,6,7,9,10,13,14,21
2020-06-02,311,Abril,1,3,9,16,17,21,22
2020-06-04,312,Abril,2,9,15,22,24,29,30
2020-06-06,313,Outubro,9,12,16,19,24,28,29
2020-06-09,314,Novembro,1,7,9,11,22,25,26
2020-06-12,315,Julho,9,10,19,22,26,27,28
2020-06-13,316,Novembro,1,10,13,14,16,22,30
2020-06-16,317,Fevereiro,5,7,8,14,15,22,28
2020-06-18,318,Dezembro,6,11,14,16,18,28,30
2020-06-20,319,Dezembro,3,10,14,17,28,29,30
2020-06-23,320,Novembro,4,9,12,13,15,26,27
2020-06-25,321,Janeiro,7,13,21,22,26,29,31
2020-06-27,322,Abril,4,9,12,19,20,26,28
2020-06-30,323,Agosto,1,9,24,25,27,29,30
2020-07-02,324,Maio,3,6,14,18,24,27,30
2020-07-04,325,Julho,7,8,19,20,21,24,26
2020-07-07,326,Agosto,1,10,15,16,22,24,29
2020-07-09,327,Setembro,4,9,13,15,21,23,25
2020-07-11,328,Dezembro,11,14,17,20,23,25,27
2020-07-14,329,Março,2,6,9,17,18,19,22
2020-07-16,330,Março,7,10,11,17,23,24,29
2020-07-18,331,Fevereiro,7,8,23,26,29,30,31
2020-07-21,332,Agosto,6,8,9,14,15,18,25
2020-07-23,333,Agosto,5,10,13,16,18,20,22
2020-07-25,334,Outubro,3,5,12,14,19,24,28
2020-07-28,335,Abril,1,3,5,10,13,14,26
2020-07-30,336,Abril,4,8,11,13,23,26,28
2020-08-01,337,Abril,1,6,7,20,21,27,30
2020-08-04,338,Junho,3,8,10,11,14,23,24
2020-08-06,339,Janeiro,1,5,9,10,23,24,25
2020-08-08,340,Junho,4,7,16,17,20,27,28
2020-08-11,341,Agosto,1,5,8,10,11,13,27
2020-08-13,342,Fevereiro,2,7,8,11,12,20,30
2020-08-15,343,Março,1,7,11,25,26,29,31
2020-08-18,344,Abril,1,2,17,23,24,25,31
2020-08-20,345,Maio,5,7,8,13,22,26,30
2020-08-22,346,Abril,14,15,17,21,24,25,31
2020-08-25,347,Setembro,6,8,19,20,22,23,29
2020-08-27,348,Janeiro,2,10,18,19,24,26,27
2020-08-29,349,Outubro,2,10,17,25,26,28,29
2020-09-01,350,Novembro,7,16,20,23,24,25,26
2020-09-03,351,Junho,4,8,9,11,18,19,26
2020-09-05,352,Agosto,5,11,12,15,18,22,26
2020-09-08,353,Julho,9,16,20,22,24,28,30
2020-09-10,354,Dezembro,6,8,20,21,24,28,29
2020-09-12,355,Julho,4,12,13,16,19,22,31
2020-09-15,356,Março,1,2,10,15,22,23,28
2020-09-17,357,Setembro,3,4,6,11,23,24,26
2020-09-19,358,Fevereiro,3,4,5,15,25,27,29
2020-09-22,359,Dezembro,6,9,14,20,21,22,25
2020-09-24,360,Outubro,10,11,13,19,25,27,30
2020-09-26,361,Julho,1,4,5,12,14,22,27
2020-09-29,362,Maio,3,7,10,19,29,30,31
2020-10-01,363,Outubro,2,11,12,13,14,18,30
2020-10-03,364,Janeiro,3,6,7,12,15,23,28
2020-10-06,365,Janeiro,6,11,14,15,17,19,21
2020-10-08,366,Novembro,17,19,23,25,26,29,31
2020-10-10,367,Março,6,15,17,22,23,26,29
2020-10-13,368,Junho,12,20,21,22,24,26,28
2020-10-15,369,Outubro,10,15,16,17,19,21,30
2020-10-17,370,Agosto,4,6,11,15,19,21,22
2020-10-20,371,Setembro,3,11,12,16,24,29,31
2020-10-22,372,Dezembro,2,4,19,20,23,26,27
2020-10-24,373,Abril,5,10,21,25,26,29,31
2020-10-27,374,Março,3,8,9,20,21,23,27
2020-10-29,375,Dezembro,4,8,9,13,20,23,30
2020-10-31,376,Março,7,9,10,13,20,22,25
2020-11-03,377,Outubro,1,11,12,13,17,29,31
2020-11-05,378,Agosto,11,13,18,21,23,25,27
2020-11-07,379,Março,3,7,14,21,24,26,27
2020-11-10,380,Junho,5,15,17,22,26,28,31
2020-11-12,381,Dezembro,14,15,16,17,22,24,29
2020-11-14,382,Junho,10,13,17,20,22,26,28
2020-11-17,383,Março,2,9,11,16,22,24,30
2020-11-19,384,Maio,2,3,6,9,10,15,26
2020-11-21,385,Junho,4,6,7,14,15,22,31
2020-11-24,386,Setembro,5,10,11,20,22,29,31
2020-11-26,387,Julho,2,6,15,18,21,22,23
2020-11-28,388,Março,2,4,7,9,15,22,26
2020-12-01,389,Agosto,5,16,23,25,27,28,29
2020-12-03,390,Fevereiro,1,12,17,25,26,28,29
2020-12-05,391,Setembro,5,7,10,11,13,17,23
2020-12-08,392,Outubro,3,4,10,18,22,24,28
2020-12-10,393,Março,6,13,19,21,23,27,28
2020-12-12,394,Maio,1,2,5,8,15,24,25
2020-12-15,395,Agosto,8,14,16,21,25,30,31
2020-12-17,396,Agosto,1,2,14,17,23,25,26
2020-12-19,397,Abril,7,8,9,10,12,14,30
2020-12-22,398,Agosto,2,3,7,10,20,30,31
2020-12-24,399,Abril,2,7,15,19,20,23,24
2020-12-29,400,Novembro,6,12,17,19,21,23,31
2020-12-31,401,Setembro,3,4,6,7,10,24,31
2021-01-05,402,Março,1,3,5,7,20,22,29
2021-01-07,403,Abril,4,9,11,25,26,29,30
2021-01-09,404,Novembro,1,2,9,14,16,25,29
2021-01-12,405,Dezembro,4,5,7,11,13,18,30
2021-01-14,406,Agosto,1,10,11,15,19,20,22
2021-01-16,407,Fevereiro,4,5,12,13,16,25,26
2021-01-19,408,Outubro,10,14,17,20,25,27,29
2021-01-21,409,Janeiro,10,14,16,24,28,30,31
2021-01-23,410,Setembro,6,12,14,16,18,27,31
2021-01-26,411,Janeiro,3,4,8,11,19,26,27
2021-01-28,412,Janeiro,4,9,10,12,13,19,21
2021-01-30,413,Março,3,6,9,12,16,21,22
2021-02-02,414,Março,2,11,17,20,28,30,31
2021-02-04,415,Fevereiro,4,8,10,14,20,27,29
2021-02-06,416,Outubro,3,8,11,13,23,24,30
2021-02-09,417,Agosto,3,8,11,17,19,21,26
2021-02-11,418,Outubro,7,9,20,23,25,27,31
2021-02-13,419,Setembro,2,3,10,13,17,24,31
2021-02-18,420,Setembro,1,5,9,10,14,16,25
2021-02-20,421,Agosto,6,9,11,14,19,22,25
2021-02-23,422,Junho,6,7,19,24,27,28,31
2021-02-25,423,Novembro,5,7,9,13,18,21,30
2021-02-27,424,Novembro,1,6,11,13,23,25,31
2021-03-02,425,Junho,16,18,19,21,26,29,31
2021-03-04,426,Maio,1,4,14,17,23,24,27
2021-03-06,427,Julho,2,5,9,10,11,13,24
2021-03-09,428,Março,4,6,7,15,17,20,21
2021-03-11,429,Setembro,8,15,17,19,23,27,31
2021-03-13,430,Fevereiro,2,17,19,20,24,28,31
2021-03-16,431,Novembro,14,20,23,24,26,27,31
2021-03-18,432,Setembro,5,9,12,15,24,27,28
2021-03-20,433,Setembro,1,6,7,19,25,27,31
2021-03-23,434,Setembro,7,12,14,22,24,30,31
2021-03-25,435,Janeiro,7,8,14,21,23,26,30
2021-03-27,436,Setembro,4,23,24,25,26,27,31
2021-03-30,437,Fevereiro,1,14,22,26,27,28,31
2021-04-01,438,Julho,3,7,10,18,19,22,28
2021-04-03,439,Maio,1,6,14,19,23,27,28
2021-04-06,440,Maio,2,8,13,14,17,21,24
2021-04-08,441,Setembro,1,9,14,19,28,29,30
2021-04-10,442,Dezembro,5,12,15,18,24,26,30
2021-04-13,443,Abril,1,6,8,10,11,21,31
2021-04-15,444,Abril,2,5,6,10,22,26,31
2021-04-17,445,Junho,1,16,18,21,24,26,30
2021-04-20,446,Dezembro,3,5,6,11,16,21,27
2021-04-22,447,Abril,4,7,9,18,20,26,29
2021-04-24,448,Março,4,5,6,15,20,25,29
2021-04-27,449,Outubro,4,6,7,16,22,23,29
2021-04-29,450,Abril,10,15,19,24,26,27,29
2021-05-04,451,Março,7,11,17,19,24,26,30
2021-05-06,452,Fevereiro,2,10,14,17,20,21,26
2021-05-08,453,Outubro,1,3,8,13,17,21,23
2021-05-11,454,Julho,3,4,10,11,13,16,17
2021-05-13,455,Agosto,9,12,13,14,21,24,29
2021-05-15,456,Março,2,12,18,19,21,22,30
2021-05-18,457,Janeiro,4,8,12,14,15,22,29
2021-05-20,458,Setembro,9,10,14,15,22,27,28
2021-05-22,459,Fevereiro,1,8,10,13,16,27,29
2021-05-25,460,Abril,7,17,18,20,21,28,31
2021-05-27,461,Janeiro,2,8,11,24,25,28,29
2021-05-29,462,Dezembro,1,5,6,10,19,21,26
2021-06-01,463,Julho,5,8,10,16,22,26,30
2021-06-05,464,Abril,7,10,11,15,21,25,31
2021-06-08,465,Abril,1,9,20,25,27,30,31
2021-06-10,466,Agosto,2,5,8,13,15,20,25
2021-06-12,467,Maio,5,6,9,21,22,25,29
2021-06-15,468,Abril,3,7,8,10,17,24,28
2021-06-17,469,Julho,5,6,7,8,11,14,26
2021-06-19,470,Outubro,1,12,14,15,16,19,23
2021-06-22,471,Novembro,2,3,11,12,19,24,27
2021-06-24,472,Março,5,7,9,10,22,25,29
2021-06-26,473,Julho,2,9,11,16,20,27,28
2021-06-29,474,Julho,6,8,9,12,14,17,19
2021-07-01,475,Agosto,10,14,15,18,23,27,29
2021-07-03,476,Outubro,2,5,6,10,23,27,31
2021-07-06,477,Março,2,5,8,12,19,23,26
2021-07-08,478,Junho,3,4,9,27,29,30,31
2021-07-10,479,Abril,1,5,12,13,15,20,23
2021-07-13,480,Setembro,3,6,10,17,20,28,31
2021-07-15,481,Junho,4,5,11,14,23,24,31
2021-07-17,482,Fevereiro,1,8,18,23,25,29,30
2021-07-20,483,Novembro,2,9,11,12,16,23,29
2021-07-22,484,Janeiro,1,4,9,14,20,25,26
2021-07-24,485,Novembro,4,20,21,22,23,26,28
2021-07-27,486,Setembro,3,7,12,17,18,22,23
2021-07-29,487,Junho,2,7,12,19,20,30,31
2021-07-31,488,Janeiro,1,4,9,14,15,25,29
2021-08-03,489,Julho,6,8,17,18,22,24,27
2021-08-05,490,Agosto,6,7,15,21,24,27,31
2021-08-07,491,Junho,2,3,7,12,23,26,30
2021-08-10,492,Novembro,2,9,10,11,21,22,26
2021-08-12,493,Novembro,6,7,11,12,19,23,30
2021-08-14,494,Janeiro,3,8,13,20,25,26,30
2021-08-17,495,Maio,4,5,11,15,19,22,30
2021-08-19,496,Junho,1,8,12,16,18,19,23
2021-08-21,497,Dezembro,7,8,11,18,19,27,31
2021-08-24,498,Novembro,3,16,18,20,25,30,31
2021-08-26,499,Maio,8,9,11,12,14,20,21
2021-08-28,500,Setembro,2,7,9,15,22,24,27
2021-08-31,501,Março,3,13,18,20,23,24,30
2021-09-02,502,Dezembro,1,5,8,18,26,27,31
2021-09-04,503,Junho,2,3,5,9,15,22,29
2021-09-09,504,Novembro,2,9,10,11,21,30,31
2021-09-11,505,Fevereiro,2,3,7,8,12,14,29
2021-09-14,506,Maio,4,6,16,20,26,27,29
2021-09-16,507,Outubro,7,8,14,15,16,17,23
2021-09-18,508,Fevereiro,2,3,4,8,11,15,25
2021-09-21,509,Maio,1,3,5,6,15,20,23
2021-09-23,510,Março,5,6,16,17,21,27,31
2021-09-25,511,Agosto,7,8,9,17,19,28,29
2021-09-28,512,Junho,4,5,10,12,13,21,23
2021-09-30,513,Junho,6,7,15,24,27,29,31
2021-10-02,514,Maio,1,2,5,8,15,17,18
2021-10-05,515,Março,5,7,14,15,18,20,24
2021-10-07,516,Abril,1,11,15,17,22,26,27
2021-10-09,517,Janeiro,10,11,21,22,27,29,30
2021-10-14,518,Novembro,5,10,11,16,18,24,25
2021-10-16,519,Novembro,8,9,12,13,16,19,24
2021-10-19,520,Julho,11,12,15,21,22,30,31
2021-10-21,521,Maio,9,13,16,17,22,24,27
2021-10-23,522,Julho,1,6,7,9,13,16,22
2021-10-26,523,Agosto,3,5,10,15,17,19,23
2021-10-28,524,Agosto,4,7,14,17,19,21,29
2021-10-30,525,Maio,12,16,17,20,21,22,29
2021-11-04,526,Dezembro,5,8,13,26,27,30,31
2021-11-06,527,Fevereiro,2,9,12,18,24,30,31
2021-11-09,528,Agosto,4,5,9,13,17,18,31
2021-11-11,529,Outubro,8,10,13,16,24,27,29
2021-11-13,530,Março,3,11,13,23,26,27,30
2021-11-16,531,Julho,4,11,15,18,23,26,31
2021-11-18,532,Abril,3,5,8,16,19,23,30
2021-11-20,533,Julho,2,3,4,9,13,20,25
2021-11-23,534,Abril,10,11,14,19,28,30,31
2021-11-25,535,Novembro,2,4,10,11,14,28,30
2021-11-27,536,Janeiro,3,5,8,10,12,22,27
2021-11-30,537,Agosto,8,11,13,19,22,24,28
2021-12-02,538,Dezembro,8,12,18,19,28,29,31
2021-12-04,539,Março,7,12,14,16,23,26,27
2021-12-07,540,Abril,7,9,10,13,18,21,25
2021-12-09,541,Janeiro,1,4,6,8,13,17,31
2021-12-11,542,Julho,3,6,10,13,15,17,29
2021-12-14,543,Junho,3,4,6,10,18,20,26
2021-12-16,544,Janeiro,2,8,9,11,17,24,28
2021-12-18,545,Março,1,6,12,19,21,22,26
2021-12-21,546,Maio,6,8,17,19,20,21,29
2021-12-23,547,Dezembro,2,4,17,18,19,25,31
2021-12-28,548,Abril,1,7,11,19,21,29,30
2021-12-30,549,Julho,4,6,8,14,16,23,24
2022-01-04,550,Abril,5,8,16,18,23,27,28
2022-01-06,551,Fevereiro,1,4,6,8,12,24,30
2022-01-08,552,Dezembro,6,13,14,21,23,27,29
2022-01-11,553,Fevereiro,6,8,14,19,23,26,30
2022-01-13,554,Junho,5,9,17,19,20,26,30
2022-01-15,555,Maio,4,12,15,17,22,24,25
2022-01-18,556,Agosto,3,6,9,17,19,25,28
2022-01-20,557,Setembro,1,7,10,12,20,23,26
2022-01-22,558,Janeiro,3,5,11,17,21,26,27
2022-01-25,559,Fevereiro,9,11,17,18,22,25,30
2022-01-27,560,Novembro,12,14,17,19,27,29,30
2022-01-29,561,Julho,1,4,16,18,19,21,30
2022-02-01,562,Junho,2,7,9,14,19,26,29
2022-02-03,563,Abril,5,10,11,18,27,28,30
2022-02-05,564,Dezembro,2,4,11,20,22,24,31
2022-02-08,565,Junho,1,2,11,13,19,21,24
2022-02-10,566,Fevereiro,2,7,13,15,18,19,25
2022-02-12,567,Fevereiro,8,12,19,21,23,25,28
2022-02-15,568,Outubro,1,7,12,14,20,29,31
2022-02-17,569,Abril,1,2,4,9,17,21,31
2022-02-19,570,Julho,9,18,20,21,23,24,29
2022-02-22,571,Janeiro,9,13,16,18,23,26,31
2022-02-24,572,Dezembro,3,7,10,12,14,27,30
2022-02-26,573,Julho,6,13,22,24,26,29,30
2022-03-03,574,Abril,11,14,22,23,24,26,29
2022-03-05,575,Abril,3,4,6,10,12,14,23
2022-03-08,576,Abril,2,3,6,8,16,25,26
2022-03-10,577,Fevereiro,4,7,10,14,25,29,30
2022-03-12,578,Junho,11,13,17,20,21,23,25
2022-03-15,579,Janeiro,1,4,6,8,17,22,25
2022-03-17,580,Maio,9,13,18,19,21,22,25
2022-03-19,581,Novembro,2,8,9,11,16,25,29
2022-03-22,582,Maio,9,10,17,20,21,22,26
2022-03-24,583,Novembro,3,6,10,15,21,25,29
2022-03-26,584,Janeiro,3,10,22,24,26,30,31
2022-03-29,585,Abril,1,2,7,12,14,17,29
2022-03-31,586,Fevereiro,1,9,11,22,25,28,31
2022-04-02,587,Agosto,6,10,11,13,19,21,29
2022-04-05,588,Agosto,4,8,9,14,16,19,24
2022-04-07,589,Junho,2,12,16,17,18,22,23
2022-04-09,590,Agosto,1,5,8,18,19,27,28
2022-04-12,591,Julho,2,17,19,20,23,25,27
2022-04-14,592,Julho,4,9,10,12,19,22,26
2022-04-16,593,Dezembro,2,9,10,13,18,20,29
2022-04-19,594,Julho,6,15,16,17,18,27,31
2022-04-23,595,Abril,4,8,9,19,22,25,31
2022-04-26,596,Março,2,5,9,14,25,26,28
