data,concurso,dezena_1,dezena_2,dezena_3,dezena_4,dezena_5,dezena_6
1996-03-11,1,41,5,4,52,30,33
1996-03-18,2,9,39,37,49,43,41
1996-03-25,3,36,30,10,11,29,47
1996-04-01,4,6,59,42,27,1,5
1996-04-08,5,1,19,46,6,16,2
1996-04-15,6,19,40,7,13,22,47
1996-04-22,7,56,38,21,20,3,5
1996-04-29,8,53,17,38,4,47,37
1996-05-06,9,55,43,56,54,8,60
1996-05-13,10,25,4,18,57,21,38
1996-05-20,11,25,15,58,37,59,38
1996-05-27,12,20,27,43,16,19,4
1996-06-03,13,47,32,50,54,18,56
1996-06-10,14,16,2,27,47,23,53
1996-06-17,15,60,12,33,52,35,51
1996-06-24,16,60,58,49,32,20,34
1996-07-01,17,10,20,6,19,51,13
1996-07-08,18,37,36,56,27,42,23
1996-07-15,19,5,25,12,10,60,24
1996-07-22,20,25,28,30,33,51,11
1996-07-29,21,49,46,6,53,33,36
1996-08-05,22,9,38,56,1,31,46
1996-08-12,23,17,52,51,59,39,37
1996-08-19,24,1,8,14,28,33,43
1996-08-25,25,56,50,55,54,24,43
1996-09-01,26,50,53,57,10,58,22
1996-09-08,27,44,33,13,51,17,20
1996-09-15,28,60,6,22,3,24,54
1996-09-22,29,14,56,58,8,43,3
1996-09-29,30,38,50,7,29,15,14
1996-10-06,31,56,19,28,48,17,45
1996-10-13,32,43,33,14,36,5,44
1996-10-20,33,5,33,49,17,42,39
1996-10-27,34,15,13,57,53,40,17
1996-11-03,35,21,57,16,23,54,4
1996-11-10,36,13,3,51,17,29,25
1996-11-17,37,22,6,7,52,38,60
1996-11-24,38,55,42,10,43,45,54
1996-12-01,39,16,37,45,52,56,12
1996-12-08,40,3,12,46,5,47,8
1996-12-15,41,38,26,35,39,12,47
1996-12-22,42,24,36,19,33,7,11
1996-12-29,43,2,58,25,6,26,17
1997-01-05,44,47,38,18,14,29,44
1997-01-12,45,30,7,37,55,44,53
1997-01-19,46,32,46,1,60,24,23
1997-01-26,47,35,17,3,48,25,56
1997-02-02,48,47,5,34,28,2,50
1997-02-09,49,33,7,43,35,13,55
1997-02-16,50,57,44,21,16,58,6
1997-02-23,51,23,24,42,25,17,47
1997-03-02,52,58,15,59,30,38,46
1997-03-09,53,42,13,3,46,38,16
1997-03-16,54,5,21,9,56,18,36
1997-03-23,55,29,2,14,38,23,52
1997-03-30,56,51,35,59,7,20,2
1997-04-06,57,27,17,16,34,7,59
1997-04-13,58,30,49,27,37,12,44
1997-04-20,59,28,13,34,2,8,54
1997-04-27,60,38,14,21,15,3,20
1997-05-04,61,59,8,18,29,42,44
1997-05-11,62,52,13,6,24,8,31
1997-05-18,63,26,9,41,49,25,40
1997-05-25,64,8,54,50,60,23,12
1997-06-01,65,20,1,5,32,25,34
1997-06-08,66,15,26,12,33,48,13
1997-06-15,67,47,14,27,52,17,12
1997-06-22,68,53,13,3,1,12,59
1997-06-29,69,56,58,34,53,25,45
1997-07-06,70,40,17,23,43,27,58
1997-07-13,71,53,16,45,43,33,27
1997-07-20,72,19,48,43,1,34,44
1997-07-27,73,57,25,45,28,51,26
1997-08-03,74,2,24,34,50,38,37
1997-08-10,75,36,49,37,35,24,21
1997-08-17,76,33,18,23,8,17,53
1997-08-24,77,29,54,40,57,49,21
1997-08-31,78,22,32,46,12,25,31
1997-09-07,79,43,25,2,13,31,17
1997-09-14,80,51,40,37,23,48,28
1997-09-21,81,47,41,10,60,54,23
1997-09-28,82,51,36,53,29,18,15
1997-10-05,83,24,16,4,42,57,15
1997-10-12,84,10,34,4,6,25,40
1997-10-19,85,47,15,30,37,45,6
1997-10-26,86,54,21,6,34,36,22
1997-11-02,87,40,4,28,32,11,5
1997-11-09,88,45,37,29,4,43,18
1997-11-16,89,59,42,34,13,44,55
1997-11-23,90,21,26,40,54,9,52
1997-11-30,91,60,4,10,35,39,2
1997-12-07,92,5,23,51,3,1,24
1997-12-14,93,22,53,31,28,2,36
1997-12-21,94,28,51,55,18,52,8
1997-12-28,95,46,60,6,40,50,45
1998-01-04,96,4,42,58,26,7,40
1998-01-11,97,56,53,11,14,5,35
1998-01-18,98,43,33,14,31,35,13
1998-01-25,99,30,33,24,11,46,60
1998-02-01,100,46,48,30,14,29,51
1998-02-08,101,39,1,37,31,29,18
1998-02-15,102,44,42,37,56,19,20
1998-02-22,103,9,1,57,7,54,49
1998-03-01,104,13,1,38,21,52,4
1998-03-08,105,3,13,31,43,46,49
1998-03-15,106,24,16,38,5,39,35
1998-03-22,107,2,24,52,4,16,51
1998-03-29,108,60,29,34,24,21,59
1998-04-04,109,54,13,44,49,48,1
1998-04-11,110,57,58,18,31,43,52
1998-04-18,111,52,32,4,33,25,22
1998-04-25,112,37,43,34,20,12,42
1998-05-02,113,34,54,26,28,55,7
1998-05-09,114,47,54,18,6,12,37
1998-05-16,115,6,14,24,20,4,38
1998-05-23,116,36,42,32,5,13,51
1998-05-30,117,53,42,27,20,33,25
1998-06-06,118,22,57,37,9,25,56
1998-06-13,119,47,21,1,50,36,38
1998-06-20,120,46,45,16,40,27,3
1998-06-27,121,53,41,44,2,29,55
1998-07-04,122,20,43,39,11,53,17
1998-07-11,123,13,42,16,32,14,26
1998-07-18,124,52,5,34,57,15,41
1998-07-25,125,56,47,25,59,53,41
1998-08-01,126,32,28,6,10,11,40
1998-08-08,127,59,21,51,54,29,50
1998-08-15,128,23,43,3,21,9,18
1998-08-22,129,46,54,10,9,1,32
1998-08-29,130,13,42,38,49,53,29
1998-09-05,131,30,9,17,27,4,44
1998-09-12,132,44,35,50,41,9,7
1998-09-19,133,19,57,6,39,34,5
1998-09-26,134,60,32,25,36,52,4
1998-10-03,135,35,40,21,59,53,22
1998-10-10,136,17,25,45,38,1,59
1998-10-17,137,26,15,16,22,19,49
1998-10-24,138,41,14,37,5,40,27
1998-10-31,139,26,27,13,42,41,3
1998-11-07,140,55,31,46,44,41,7
1998-11-14,141,10,22,42,13,41,58
1998-11-21,142,20,59,19,54,15,8
1998-11-28,143,40,18,6,20,50,53
1998-12-05,144,8,32,44,36,45,55
1998-12-12,145,43,15,41,51,16,31
1998-12-19,146,51,34,25,60,42,32
1998-12-24,147,24,6,38,23,28,16
1998-12-31,148,32,55,59,41,58,35
1999-01-09,149,11,45,48,7,28,20
1999-01-16,150,50,44,12,55,52,54
1999-01-23,151,3,43,16,56,52,20
1999-01-30,152,12,5,15,51,58,29
1999-02-06,153,47,2,31,42,45,30
1999-02-13,154,8,10,24,33,45,48
1999-02-20,155,12,32,44,43,35,30
1999-02-27,156,52,23,42,17,55,49
1999-03-06,157,17,13,4,44,41,21
1999-03-13,158,58,43,51,14,17,4
1999-03-20,159,16,9,50,58,11,35
1999-03-27,160,13,42,52,58,2,54
1999-04-03,161,25,37,30,39,6,41
1999-04-10,162,23,33,51,38,48,21
1999-04-17,163,41,56,27,36,53,8
1999-04-24,164,4,19,14,10,44,28
1999-05-01,165,39,56,19,23,10,35
1999-05-08,166,60,57,59,13,12,22
1999-05-15,167,1,38,48,28,11,33
1999-05-22,168,45,2,35,9,50,31
1999-05-29,169,52,51,37,13,21,1
1999-06-05,170,7,51,55,41,58,46
1999-06-12,171,54,27,4,43,40,46
1999-06-19,172,49,36,14,26,35,10
1999-06-26,173,29,28,49,17,42,50
1999-07-03,174,11,52,22,23,36,59
1999-07-10,175,10,20,13,1,42,50
1999-07-17,176,28,4,1,45,53,3
1999-07-24,177,35,22,39,41,59,38
1999-07-31,178,5,27,19,26,15,33
1999-08-07,179,6,53,5,26,27,23
1999-08-14,180,39,6,29,60,51,23
1999-08-21,181,33,1,55,35,51,27
1999-08-28,182,46,60,5,10,28,3
1999-09-04,183,16,11,7,40,44,2
1999-09-11,184,9,60,21,16,41,34
1999-09-18,185,59,17,22,46,43,55
1999-09-25,186,24,26,51,25,14,23
1999-10-02,187,6,44,58,41,36,48
1999-10-10,188,34,42,43,46,27,17
1999-10-16,189,41,53,38,4,31,15
1999-10-24,190,32,40,42,21,10,5
1999-10-31,191,58,5,41,3,1,23
1999-11-06,192,1,60,26,41,28,54
1999-11-13,193,12,4,11,49,43,19
1999-11-20,194,32,42,43,25,28,33
1999-11-27,195,17,3,44,37,9,32
1999-12-04,196,32,17,9,14,24,7
1999-12-11,197,19,52,29,15,12,5
1999-12-18,198,40,23,1,18,35,8
1999-12-24,199,52,37,57,16,10,50
1999-12-31,200,12,15,44,34,51,19
2000-01-08,201,55,22,5,30,35,20
2000-01-15,202,49,53,44,12,24,45
2000-01-22,203,11,55,44,19,29,47
2000-01-29,204,31,41,51,39,58,29
2000-02-05,205,26,32,54,43,46,40
2000-02-12,206,20,26,56,18,34,51
2000-02-19,207,19,7,3,55,24,53
2000-02-26,208,23,15,57,24,47,25
2000-03-04,209,13,52,32,41,21,26
2000-03-11,210,37,58,20,38,48,32
2000-03-18,211,10,20,40,45,50,33
2000-03-25,212,29,57,15,45,59,6
2000-04-01,213,3,30,9,35,23,32
2000-04-08,214,30,12,6,50,35,31
2000-04-15,215,7,58,28,53,37,46
2000-04-22,216,35,42,59,18,30,14
2000-04-29,217,27,32,3,51,49,45
2000-05-06,218,54,40,42,17,47,12
2000-05-13,219,26,23,49,28,42,36
2000-05-20,220,36,53,55,13,60,14
2000-05-27,221,54,13,58,43,50,27
2000-06-03,222,5,48,30,55,52,19
2000-06-10,223,28,24,22,2,58,6
2000-06-17,224,20,16,18,7,44,21
2000-06-24,225,21,16,4,37,2,58
2000-07-01,226,2,50,59,38,49,1
2000-07-08,227,37,26,27,42,11,48
2000-07-15,228,16,40,45,59,43,13
2000-07-22,229,39,45,11,21,33,13
2000-07-29,230,56,44,41,40,8,53
2000-08-05,231,16,59,27,42,44,36
2000-08-12,232,29,19,41,22,37,59
2000-08-19,233,45,3,24,36,7,32
2000-08-26,234,15,45,54,25,42,41
2000-09-02,235,29,41,55,2,31,22
2000-09-09,236,10,52,50,57,25,60
2000-09-16,237,36,7,45,31,56,57
2000-09-23,238,15,9,41,13,37,42
2000-09-30,239,33,21,44,46,47,6
2000-10-07,240,59,28,25,41,57,38
2000-10-14,241,11,57,40,35,56,31
2000-10-21,242,22,7,4,21,28,56
2000-10-28,243,20,47,23,32,16,11
2000-11-04,244,19,60,50,24,47,33
2000-11-11,245,44,51,27,53,8,60
2000-11-18,246,2,57,32,43,16,37
2000-11-25,247,34,3,30,10,23,46
2000-12-02,248,56,16,34,41,35,32
2000-12-09,249,21,55,54,40,36,49
2000-12-16,250,55,25,41,42,43,7
2000-12-23,251,34,15,23,55,49,30
2000-12-30,252,17,54,4,51,32,26
2001-01-06,253,12,11,56,44,24,37
2001-01-13,254,4,30,56,21,22,1
2001-01-20,255,32,44,55,19,20,16
2001-01-27,256,21,52,34,26,2,32
2001-02-03,257,28,5,1,34,4,19
2001-02-10,258,12,60,54,7,55,50
2001-02-17,259,20,43,33,13,15,58
2001-02-24,260,43,4,60,59,6,33
2001-03-03,261,5,54,20,56,30,16
2001-03-10,262,53,60,48,20,58,11
2001-03-17,263,8,50,26,9,53,43
2001-03-24,264,5,25,31,13,1,33
2001-03-31,265,7,50,53,16,41,34
2001-04-07,266,38,54,48,23,2,46
2001-04-14,267,58,1,45,55,8,46
2001-04-21,268,21,10,47,6,5,33
2001-04-28,269,19,18,52,25,17,49
2001-05-05,270,45,27,35,40,5,9
2001-05-12,271,14,31,54,29,26,24
2001-05-19,272,36,58,9,10,56,24
2001-05-26,273,47,52,10,27,23,17
2001-06-02,274,11,39,47,18,13,26
2001-06-09,275,16,30,19,38,48,37
2001-06-16,276,53,59,39,45,22,57
2001-06-23,277,40,26,38,4,56,52
2001-06-30,278,22,10,18,55,15,31
2001-07-07,279,31,59,4,58,23,47
2001-07-14,280,5,16,30,25,58,20
2001-07-21,281,11,5,47,31,53,38
2001-07-28,282,33,24,36,9,14,23
2001-08-01,283,48,34,28,54,25,42
2001-08-04,284,8,36,14,32,30,7
2001-08-08,285,50,56,41,12,32,37
2001-08-11,286,44,37,56,29,47,35
2001-08-15,287,60,47,3,33,25,13
2001-08-18,288,50,9,18,11,6,17
2001-08-22,289,36,6,30,20,7,25
2001-08-25,290,57,30,7,25,40,26
2001-08-29,291,22,16,5,41,18,17
2001-09-01,292,24,34,53,45,23,13
2001-09-05,293,6,12,35,5,28,7
2001-09-08,294,28,45,41,22,57,25
2001-09-12,295,24,44,7,31,12,50
2001-09-15,296,20,51,42,3,52,46
2001-09-19,297,20,28,41,1,33,36
2001-09-22,298,22,34,24,23,5,60
2001-09-26,299,7,5,2,53,33,49
2001-09-29,300,27,57,41,38,28,24
2001-10-03,301,58,26,49,57,48,9
2001-10-06,302,25,40,12,60,30,41
2001-10-10,303,7,13,30,37,47,17
2001-10-13,304,42,7,11,34,59,41
2001-10-17,305,11,5,27,60,38,53
2001-10-20,306,30,19,57,41,56,47
2001-10-24,307,26,17,13,41,16,44
2001-10-27,308,55,25,4,11,29,39
2001-10-31,309,39,50,25,55,11,4
2001-11-03,310,28,14,29,2,31,32
2001-11-07,311,32,22,24,41,30,38
2001-11-10,312,14,30,50,41,47,23
2001-11-14,313,14,38,53,24,16,37
2001-11-17,314,5,32,40,58,37,34
2001-11-21,315,50,21,43,12,28,22
2001-11-24,316,28,51,56,6,24,43
2001-11-28,317,27,20,48,16,30,35
2001-12-01,318,19,53,40,3,31,20
2001-12-05,319,12,16,23,17,19,48
2001-12-08,320,20,53,47,50,22,27
2001-12-12,321,11,31,32,48,49,4
2001-12-15,322,18,11,29,44,47,56
2001-12-19,323,31,49,54,33,26,40
2001-12-22,324,22,8,30,15,47,25
2001-12-29,325,4,23,3,1,21,53
2002-01-05,326,52,23,40,51,44,21
2002-01-09,327,46,38,29,33,32,48
2002-01-12,328,51,5,23,7,14,21
2002-01-16,329,24,11,40,12,35,10
2002-01-19,330,2,4,23,37,14,51
2002-01-23,331,27,1,35,20,37,13
2002-01-26,332,28,23,42,29,44,34
2002-01-30,333,35,27,53,44,52,4
2002-02-02,334,41,26,51,14,24,23
2002-02-06,335,43,33,57,23,59,7
2002-02-09,336,2,18,54,22,30,26
2002-02-16,337,31,52,14,54,16,4
2002-02-20,338,48,46,9,1,36,4
2002-02-23,339,13,16,12,5,27,50
2002-02-27,340,10,60,42,9,33,12
2002-03-02,341,56,23,22,43,16,5
2002-03-06,342,29,49,54,51,16,34
2002-03-09,343,4,6,7,24,12,41
2002-03-13,344,33,36,12,35,10,14
2002-03-16,345,56,11,58,46,51,22
2002-03-20,346,56,7,46,60,41,12
2002-03-23,347,26,10,52,1,12,48
2002-03-27,348,39,40,33,52,19,30
2002-03-30,349,9,38,32,8,54,28
2002-04-03,350,23,30,43,10,15,57
2002-04-06,351,15,16,59,60,24,41
2002-04-10,352,49,7,47,25,20,44
2002-04-13,353,60,46,30,55,23,19
2002-04-17,354,40,52,38,16,7,41
2002-04-20,355,2,37,22,60,14,23
2002-04-24,356,54,19,5,58,56,21
2002-04-27,357,45,53,32,2,30,35
2002-05-04,358,40,42,32,12,21,17
2002-05-08,359,31,54,20,29,13,19
2002-05-11,360,47,24,29,55,53,23
2002-05-15,361,41,28,45,31,16,59
2002-05-18,362,37,20,33,46,7,56
2002-05-22,363,39,54,29,49,47,19
2002-05-25,364,59,44,29,5,51,57
2002-05-29,365,52,19,34,37,58,23
2002-06-01,366,6,4,51,7,21,15
2002-06-05,367,52,49,27,33,12,10
2002-06-08,368,13,50,38,32,44,29
2002-06-12,369,21,42,1,60,35,14
2002-06-15,370,51,42,4,54,1,40
2002-06-19,371,23,33,39,4,60,18
2002-06-22,372,24,17,46,57,16,39
2002-06-26,373,31,33,24,10,5,1
2002-06-29,374,54,2,26,5,44,16
2002-07-03,375,51,9,42,5,58,1
2002-07-06,376,25,13,10,43,35,48
2002-07-10,377,46,19,3,45,12,27
2002-07-13,378,55,45,48,41,5,38
2002-07-17,379,41,55,24,59,33,40
2002-07-20,380,47,22,13,30,31,57
2002-07-24,381,9,56,46,28,10,55
2002-07-27,382,54,38,53,31,37,34
2002-07-31,383,48,22,53,56,50,14
2002-08-03,384,28,50,47,24,40,52
2002-08-07,385,22,12,24,18,5,16
2002-08-10,386,39,54,43,36,17,35
2002-08-14,387,29,28,48,47,43,22
2002-08-17,388,52,48,53,58,23,36
2002-08-21,389,46,14,54,18,43,5
2002-08-24,390,7,22,34,12,38,53
2002-08-28,391,7,15,35,16,40,4
2002-08-31,392,49,47,39,31,15,23
2002-09-04,393,12,50,36,6,35,40
2002-09-07,394,15,49,42,5,45,35
2002-09-11,395,11,58,31,14,10,20
2002-09-14,396,47,18,6,45,34,42
2002-09-18,397,32,24,2,5,1,46
2002-09-21,398,28,7,16,37,36,22
2002-09-25,399,59,55,16,27,47,11
2002-09-28,400,29,59,13,10,54,28
2002-10-02,401,50,18,44,53,11,43
2002-10-05,402,27,43,58,5,16,56
2002-10-09,403,46,31,7,16,60,27
2002-10-12,404,24,38,58,1,40,28
2002-10-16,405,57,60,34,24,29,47
2002-10-19,406,47,32,48,12,38,2
2002-10-23,407,49,2,18,51,22,57
2002-10-26,408,49,44,33,28,56,14
2002-10-30,409,26,49,25,18,31,34
2002-11-02,410,31,55,36,24,8,38
2002-11-06,411,10,56,12,31,45,38
2002-11-09,412,45,5,14,21,59,12
2002-11-13,413,35,53,29,33,2,4
2002-11-16,414,35,26,58,52,45,16
2002-11-20,415,38,44,4,1,27,42
2002-11-23,416,13,1,23,56,54,33
2002-11-27,417,25,7,12,21,42,34
2002-11-30,418,45,8,32,49,15,52
2002-12-04,419,41,42,52,53,16,9
2002-12-07,420,43,12,59,30,57,29
2002-12-11,421,38,45,35,37,5,51
2002-12-14,422,60,12,56,37,55,43
2002-12-18,423,8,22,33,40,32,53
2002-12-21,424,29,36,27,18,59,46
2002-12-28,425,6,16,10,34,47,42
2003-01-04,426,7,32,54,50,30,37
2003-01-08,427,51,13,43,24,3,14
2003-01-11,428,60,8,32,28,46,30
2003-01-15,429,55,32,17,36,26,43
2003-01-18,430,50,21,10,25,38,8
2003-01-22,431,58,26,40,37,47,52
2003-01-25,432,50,17,13,27,4,39
2003-01-29,433,36,17,28,16,54,30
2003-02-01,434,24,17,4,54,30,10
2003-02-05,435,37,11,17,31,43,10
2003-02-08,436,1,6,57,29,48,7
2003-02-12,437,54,10,59,44,30,7
2003-02-15,438,38,48,14,3,11,5
2003-02-19,439,42,13,20,29,43,57
2003-02-22,440,46,23,30,47,5,3
2003-02-26,441,2,15,58,10,59,21
2003-03-01,442,15,31,23,6,59,37
2003-03-08,443,11,36,17,26,52,48
2003-03-12,444,48,52,57,24,3,33
2003-03-15,445,31,50,7,53,32,20
2003-03-19,446,11,20,8,47,12,17
2003-03-22,447,24,55,15,33,25,42
2003-03-26,448,5,3,52,45,9,51
2003-03-29,449,34,56,24,1,49,8
2003-04-02,450,59,51,13,1,9,50
2003-04-05,451,23,18,31,17,53,28
2003-04-09,452,54,11,51,16,36,30
2003-04-12,453,58,52,8,34,20,23
2003-04-16,454,4,17,42,56,46,24
2003-04-19,455,50,15,17,2,14,59
2003-04-23,456,17,40,22,27,33,3
2003-04-26,457,48,15,24,27,17,32
2003-04-30,458,43,53,13,32,34,24
2003-05-03,459,43,17,8,15,49,39
2003-05-07,460,19,55,30,23,37,49
2003-05-10,461,30,17,20,29,15,60
2003-05-14,462,27,48,17,19,26,22
2003-05-17,463,7,18,2,45,3,53
2003-05-21,464,6,33,45,38,24,50
2003-05-24,465,46,31,1,57,22,51
2003-05-28,466,28,16,45,29,30,11
2003-05-31,467,38,21,8,22,18,60
2003-06-04,468,23,6,25,39,51,5
2003-06-07,469,29,47,42,21,13,26
2003-06-11,470,51,58,23,11,8,37
2003-06-14,471,51,59,31,5,36,32
2003-06-18,472,12,3,38,29,51,4
2003-06-21,473,51,7,58,49,23,41
2003-06-25,474,34,3,12,50,32,40
2003-06-28,475,19,6,43,52,8,22
2003-07-02,476,38,43,20,55,17,58
2003-07-05,477,47,34,8,6,18,38
2003-07-09,478,30,8,31,3,21,25
2003-07-12,479,20,54,58,26,41,46
2003-07-16,480,36,38,33,14,49,41
2003-07-19,481,42,6,24,44,22,13
2003-07-23,482,13,56,12,33,53,54
2003-07-26,483,16,23,35,18,44,59
2003-07-30,484,53,19,38,18,17,49
2003-08-02,485,38,28,52,30,19,57
2003-08-06,486,50,42,19,8,30,14
2003-08-09,487,25,22,48,52,54,8
2003-08-13,488,30,39,35,43,15,57
2003-08-16,489,28,36,17,53,33,59
2003-08-20,490,5,11,29,54,23,58
2003-08-23,491,22,43,15,55,9,1
2003-08-27,492,57,2,15,6,56,18
2003-08-30,493,54,20,3,18,42,24
2003-09-03,494,28,32,49,53,18,20
2003-09-06,495,36,15,60,8,29,49
2003-09-10,496,41,20,19,29,59,10
2003-09-13,497,9,41,32,13,58,20
2003-09-17,498,49,28,2,6,57,50
2003-09-20,499,59,1,11,5,44,4
2003-09-27,500,35,21,54,29,38,36
2003-10-01,501,34,27,56,28,16,39
2003-10-04,502,50,7,33,21,24,13
2003-10-08,503,10,21,48,27,49,7
2003-10-11,504,39,19,11,8,50,30
2003-10-15,505,47,20,52,3,46,28
2003-10-18,506,31,37,34,15,38,4
2003-10-22,507,44,58,5,27,33,3
2003-10-25,508,46,56,5,15,45,10
2003-10-29,509,32,55,34,35,28,33
2003-11-01,510,30,45,58,1,4,41
2003-11-05,511,8,36,34,37,3,4
2003-11-08,512,8,40,58,4,53,31
2003-11-12,513,46,10,27,19,33,39
2003-11-15,514,15,52,40,36,51,42
2003-11-19,515,39,16,57,15,45,48
2003-11-22,516,24,5,34,13,35,33
2003-11-26,517,51,32,8,28,38,7
2003-11-29,518,44,8,5,15,18,10
2003-12-03,519,9,36,15,19,42,22
2003-12-06,520,32,34,17,35,9,12
2003-12-10,521,28,32,38,25,15,45
2003-12-13,522,49,52,15,25,14,6
2003-12-17,523,45,58,40,39,28,44
2003-12-20,524,47,29,34,48,19,41
2003-12-27,525,26,32,24,49,8,10
2004-01-03,526,3,59,21,36,55,31
2004-01-07,527,17,14,50,52,6,26
2004-01-10,528,34,28,37,12,8,31
2004-01-14,529,56,45,13,33,38,1
2004-01-17,530,32,21,25,1,6,49
2004-01-21,531,3,1,35,7,18,50
2004-01-24,532,13,4,12,53,9,52
2004-01-28,533,27,18,13,59,21,53
2004-01-31,534,48,57,23,8,31,3
2004-02-04,535,49,14,47,56,6,28
2004-02-07,536,14,22,25,15,37,23
2004-02-11,537,37,3,19,34,39,7
2004-02-14,538,45,43,56,25,52,3
2004-02-18,539,16,50,55,6,47,19
2004-02-21,540,22,4,30,44,28,49
2004-02-28,541,58,57,27,13,49,52
2004-03-03,542,49,4,19,28,35,6
2004-03-06,543,35,54,37,42,49,46
2004-03-10,544,11,33,56,47,17,34
2004-03-13,545,43,35,57,29,40,17
2004-03-17,546,46,4,54,17,13,5
2004-03-20,547,4,59,13,53,28,30
2004-03-24,548,51,49,14,47,59,58
2004-03-27,549,13,51,58,22,46,8
2004-03-31,550,17,56,16,38,39,45
2004-04-03,551,56,48,57,21,12,46
2004-04-07,552,22,54,52,47,49,9
2004-04-10,553,43,46,58,53,54,4
2004-04-14,554,47,29,31,15,60,42
2004-04-17,555,49,5,23,33,45,31
2004-04-21,556,8,45,30,33,17,10
2004-04-24,557,18,49,38,23,8,12
2004-04-28,558,59,57,7,58,31,14
2004-05-01,559,53,25,36,13,17,6
2004-05-05,560,32,18,11,30,2,58
2004-05-08,561,39,49,36,20,55,1
2004-05-12,562,37,35,23,16,57,55
2004-05-15,563,34,8,23,44,51,5
2004-05-19,564,38,13,32,20,10,49
2004-05-22,565,31,37,35,7,45,34
2004-05-26,566,17,6,20,18,13,37
2004-05-29,567,57,58,11,38,41,31
2004-06-02,568,25,41,17,29,13,22
2004-06-05,569,32,15,14,9,3,57
2004-06-09,570,35,32,36,33,51,15
2004-06-12,571,14,31,12,13,51,50
2004-06-16,572,33,3,20,60,9,16
2004-06-19,573,59,29,17,6,40,22
2004-06-23,574,32,23,2,10,44,17
2004-06-26,575,18,29,21,48,35,5
2004-06-30,576,18,43,52,39,7,8
2004-07-03,577,31,47,28,23,8,24
2004-07-07,578,48,3,58,18,56,23
2004-07-10,579,15,34,39,17,4,9
2004-07-14,580,38,16,18,28,15,47
2004-07-17,581,30,25,52,14,39,17
2004-07-21,582,13,40,29,59,45,51
2004-07-24,583,55,6,41,20,43,7
2004-07-28,584,30,53,23,7,32,8
2004-07-31,585,24,39,12,33,57,36
2004-08-04,586,45,38,13,11,54,39
2004-08-07,587,30,2,36,18,60,29
2004-08-11,588,45,13,46,55,53,11
2004-08-14,589,13,7,33,59,6,8
2004-08-18,590,25,51,5,18,4,28
2004-08-21,591,58,3,18,50,34,1
2004-08-25,592,55,14,59,47,13,42
2004-08-28,593,27,29,1,59,25,49
2004-09-01,594,10,53,55,29,13,47
2004-09-04,595,54,2,43,1,50,25
2004-09-08,596,43,60,28,11,54,14
2004-09-11,597,42,40,27,22,56,29
2004-09-15,598,5,16,53,38,50,34
2004-09-18,599,6,45,51,9,23,4
2004-09-22,600,18,39,54,34,31,16
2004-09-25,601,37,19,29,30,10,22
2004-09-29,602,38,60,13,7,55,46
2004-10-02,603,4,8,11,29,12,44
2004-10-06,604,41,49,51,25,15,46
2004-10-09,605,44,52,53,4,49,24
2004-10-13,606,41,6,23,55,32,35
2004-10-16,607,6,59,11,27,19,41
2004-10-20,608,30,6,37,19,24,13
2004-10-23,609,15,2,59,60,6,58
2004-10-27,610,25,49,30,43,47,45
2004-10-30,611,22,21,33,16,48,49
2004-11-03,612,55,33,15,50,53,18
2004-11-06,613,54,55,13,44,6,19
2004-11-10,614,60,31,12,48,57,16
2004-11-13,615,27,31,8,10,51,5
2004-11-17,616,24,16,26,54,12,2
2004-11-20,617,25,5,49,36,33,3
2004-11-24,618,60,10,3,8,24,13
2004-11-27,619,16,12,46,14,8,19
2004-12-01,620,22,1,29,13,32,3
2004-12-04,621,29,31,50,26,57,49
2004-12-08,622,59,27,19,29,50,38
2004-12-11,623,42,23,55,30,9,49
2004-12-15,624,39,23,34,52,8,43
2004-12-18,625,59,12,32,42,24,40
2004-12-22,626,49,8,22,18,7,39
2004-12-29,627,19,13,45,58,56,1
2005-01-05,628,8,16,22,56,58,30
2005-01-08,629,40,47,39,16,51,15
2005-01-12,630,16,53,20,60,12,45
2005-01-15,631,1,28,47,20,44,32
2005-01-19,632,2,54,48,51,19,28
2005-01-22,633,27,46,5,50,11,22
2005-01-26,634,13,41,24,42,10,56
2005-01-29,635,49,42,37,8,20,26
2005-02-02,636,30,32,34,50,28,26
2005-02-05,637,52,58,43,48,11,18
2005-02-12,638,42,10,50,41,11,36
2005-02-16,639,51,39,35,60,45,13
2005-02-19,640,12,42,59,46,19,60
2005-02-23,641,17,13,33,9,1,34
2005-02-26,642,51,17,56,36,44,40
2005-03-02,643,14,45,24,37,40,42
2005-03-05,644,57,29,31,27,34,14
2005-03-09,645,52,48,24,53,54,3
2005-03-12,646,13,47,60,32,49,10
2005-03-16,647,56,19,11,14,12,54
2005-03-19,648,5,48,23,42,45,29
2005-03-23,649,9,54,41,48,33,24
2005-03-26,650,53,59,25,29,10,24
2005-03-30,651,39,45,28,26,48,60
2005-04-02,652,24,18,57,56,10,20
2005-04-06,653,31,24,19,34,9,5
2005-04-09,654,10,11,56,40,41,6
2005-04-13,655,26,39,1,37,43,48
2005-04-16,656,59,37,46,36,35,51
2005-04-20,657,20,59,58,33,60,16
2005-04-23,658,41,20,36,3,11,6
2005-04-27,659,14,29,40,34,51,52
2005-04-30,660,53,5,38,54,46,11
2005-05-04,661,42,40,27,4,55,36
2005-05-07,662,4,60,56,25,18,23
2005-05-11,663,1,49,30,55,27,51
2005-05-14,664,12,1,55,59,38,36
2005-05-18,665,8,47,7,48,25,18
2005-05-21,666,7,26,16,29,45,55
2005-05-25,667,5,23,16,4,49,1
2005-05-28,668,49,33,56,2,14,1
2005-06-01,669,7,41,24,40,49,27
2005-06-04,670,42,59,58,37,48,22
2005-06-08,671,27,16,39,51,9,38
2005-06-11,672,43,34,53,38,28,24
2005-06-15,673,6,40,37,11,20,34
2005-06-18,674,22,32,18,29,42,38
2005-06-22,675,50,42,30,25,43,24
2005-06-25,676,49,32,15,9,41,42
2005-06-29,677,25,10,48,8,32,55
2005-07-02,678,44,46,31,14,40,42
2005-07-06,679,37,21,54,3,58,25
2005-07-09,680,44,2,26,5,3,22
2005-07-13,681,59,21,53,25,58,38
2005-07-16,682,60,37,47,36,4,27
2005-07-20,683,43,40,12,11,2,35
2005-07-23,684,50,37,33,40,19,17
2005-07-27,685,33,27,5,56,12,43
2005-07-30,686,33,5,4,54,15,26
2005-08-03,687,59,48,1,7,41,14
2005-08-06,688,47,30,52,11,21,35
2005-08-10,689,6,60,7,31,49,51
2005-08-13,690,15,41,8,47,12,53
2005-08-17,691,55,16,58,8,37,50
2005-08-20,692,33,18,60,11,58,57
2005-08-24,693,14,50,41,17,31,13
2005-08-27,694,15,19,29,53,37,41
2005-08-31,695,13,40,21,52,6,11
2005-09-03,696,37,16,34,57,53,9
2005-09-10,697,53,35,32,31,28,51
2005-09-14,698,22,8,27,43,55,12
2005-09-19,699,53,17,50,23,54,48
2005-09-21,700,2,3,24,40,31,14
2005-09-24,701,13,1,31,23,60,48
2005-09-28,702,1,56,18,58,45,57
2005-10-01,703,30,24,2,45,11,27
2005-10-05,704,2,27,50,34,18,4
2005-10-08,705,3,15,11,13,26,43
2005-10-15,706,22,10,17,7,2,60
2005-10-19,707,51,8,1,43,10,36
2005-10-22,708,45,13,39,47,9,7
2005-10-26,709,29,22,44,9,6,4
2005-10-29,710,46,25,5,49,39,34
2005-11-05,711,10,5,41,59,40,33
2005-11-09,712,35,7,53,58,8,43
2005-11-12,713,46,1,26,16,12,54
2005-11-16,714,17,53,39,8,7,35
2005-11-19,715,54,36,12,4,33,24
2005-11-23,716,29,2,7,50,16,32
2005-11-26,717,28,35,41,17,6,23
2005-11-30,718,7,35,21,39,58,33
2005-12-03,719,39,47,37,53,32,3
2005-12-07,720,12,56,44,51,31,54
2005-12-10,721,14,3,23,55,36,25
2005-12-14,722,60,36,57,18,44,9
2005-12-17,723,16,6,52,1,36,50
2005-12-21,724,34,51,55,17,48,27
2005-12-31,725,49,9,3,35,37,41
2006-01-04,726,40,47,1,5,7,37
2006-01-07,727,14,42,12,4,59,30
2006-01-11,728,44,42,13,8,24,32
2006-01-14,729,33,56,18,57,43,5
2006-01-18,730,45,15,2,54,16,50
2006-01-21,731,35,6,15,23,28,16
2006-01-25,732,49,19,53,50,17,6
2006-01-28,733,12,26,31,43,46,2
2006-02-01,734,44,45,27,29,43,54
2006-02-04,735,40,42,15,52,38,9
2006-02-08,736,1,21,38,41,56,49
2006-02-11,737,33,12,24,38,11,32
2006-02-15,738,15,30,14,42,26,54
2006-02-18,739,6,45,56,49,35,10
2006-02-22,740,29,47,12,50,16,28
2006-02-25,741,26,39,27,24,59,36
2006-03-01,742,34,17,7,41,2,50
2006-03-04,743,54,20,32,60,25,23
2006-03-08,744,26,46,12,23,39,4
2006-03-11,745,21,57,37,16,43,2
2006-03-15,746,49,12,10,57,25,1
2006-03-18,747,21,23,56,12,3,2
2006-03-22,748,1,7,19,51,35,2
2006-03-25,749,24,47,4,57,48,50
2006-03-29,750,58,17,54,10,42,33
2006-04-01,751,4,25,38,50,20,7
2006-04-05,752,25,4,29,42,24,23
2006-04-08,753,59,35,43,22,7,2
2006-04-12,754,4,42,34,50,3,13
2006-04-15,755,59,30,47,12,4,49
2006-04-19,756,37,50,41,5,38,27
2006-04-22,757,17,32,12,18,58,30
2006-04-26,758,47,59,1,23,36,43
2006-04-29,759,59,39,30,31,48,45
2006-05-03,760,12,17,60,44,46,45
2006-05-06,761,56,29,17,13,27,40
2006-05-10,762,39,9,21,12,37,54
2006-05-13,763,40,47,1,48,9,26
2006-05-18,764,7,3,55,47,53,45
2006-05-21,765,3,37,50,16,30,10
2006-05-24,766,1,50,19,42,24,58
2006-05-27,767,22,50,32,38,54,15
2006-05-31,768,33,37,59,30,4,8
2006-06-03,769,20,21,50,29,12,16
2006-06-07,770,4,34,25,35,48,12
2006-06-10,771,29,46,34,47,21,14
2006-06-14,772,38,51,52,60,10,35
2006-06-17,773,3,5,51,29,34,14
2006-06-21,774,37,5,54,58,46,10
2006-06-24,775,27,12,46,47,42,50
2006-06-28,776,57,35,60,41,3,15
2006-07-01,777,14,50,23,2,28,56
2006-07-05,778,45,20,36,37,31,51
2006-07-08,779,36,54,52,25,29,26
2006-07-12,780,10,50,28,51,59,7
2006-07-15,781,10,54,8,39,56,13
2006-07-19,782,11,23,59,42,35,2
2006-07-22,783,43,21,48,8,4,32
2006-07-26,784,42,56,8,37,27,53
2006-07-29,785,35,5,37,8,48,17
2006-08-02,786,27,31,26,11,10,41
2006-08-05,787,37,31,20,60,34,54
2006-08-09,788,31,57,17,19,29,44
2006-08-12,789,60,39,31,38,6,50
2006-08-16,790,22,2,19,28,43,6
2006-08-19,791,42,35,19,9,14,58
2006-08-23,792,43,56,9,45,29,34
2006-08-26,793,3,51,33,15,16,57
2006-08-30,794,56,47,55,38,42,3
2006-09-02,795,14,36,21,29,26,48
2006-09-06,796,19,24,43,34,39,5
2006-09-09,797,58,48,52,47,12,6
2006-09-13,798,32,9,4,52,29,3
2006-09-16,799,29,35,19,57,42,55
2006-09-20,800,1,7,56,11,37,38
2006-09-23,801,20,22,11,19,48,42
2006-09-27,802,14,24,60,6,18,48
2006-09-30,803,10,57,28,3,5,21
2006-10-04,804,13,59,37,56,3,47
2006-10-07,805,30,2,48,60,43,36
2006-10-12,806,60,41,47,26,35,18
2006-10-14,807,8,27,2,32,56,49
2006-10-18,808,15,21,31,46,2,57
2006-10-21,809,25,23,11,5,30,15
2006-10-25,810,4,33,1,48,5,37
2006-10-28,811,32,57,28,41,10,47
2006-11-01,812,57,39,54,11,38,13
2006-11-04,813,23,15,56,46,9,45
2006-11-08,814,11,2,46,50,8,41
2006-11-11,815,57,50,9,39,37,19
2006-11-16,816,21,47,40,52,30,20
2006-11-18,817,34,43,29,30,10,52
2006-11-22,818,44,41,22,8,9,25
2006-11-25,819,51,5,58,46,25,19
2006-11-29,820,17,45,32,21,10,46
2006-12-02,821,4,29,38,36,33,42
2006-12-06,822,4,17,41,10,27,52
2006-12-09,823,15,26,59,1,54,51
2006-12-13,824,33,48,6,7,20,9
2006-12-16,825,28,21,40,10,41,47
2006-12-19,826,45,6,8,7,53,27
2006-12-21,827,24,56,30,51,42,18
2006-12-23,828,23,50,53,42,28,38
2006-12-31,829,32,50,14,47,10,56
2007-01-03,830,53,51,2,41,13,49
2007-01-06,831,3,50,48,42,32,33
2007-01-10,832,17,49,15,33,39,23
2007-01-13,833,53,58,57,16,46,13
2007-01-17,834,44,10,17,16,51,34
2007-01-20,835,58,31,57,49,33,18
2007-01-24,836,28,22,38,17,52,59
2007-01-27,837,16,5,24,34,6,60
2007-01-31,838,9,30,47,38,23,44
2007-02-03,839,11,18,8,7,37,43
2007-02-07,840,43,29,35,59,31,17
2007-02-10,841,36,51,32,22,38,7
2007-02-14,842,51,44,60,9,7,30
2007-02-17,843,34,48,1,16,45,36
2007-02-24,844,54,24,44,57,34,16
2007-02-28,845,40,48,19,20,14,52
2007-03-03,846,47,54,2,50,3,44
2007-03-07,847,42,14,44,27,15,48
2007-03-10,848,56,34,17,32,47,27
2007-03-14,849,8,39,9,58,44,49
2007-03-17,850,60,22,59,25,44,7
2007-03-21,851,16,32,35,58,19,3
2007-03-24,852,14,38,6,23,44,34
2007-03-28,853,51,30,59,46,38,56
2007-03-31,854,17,3,24,27,44,25
2007-04-04,855,42,3,24,53,43,31
2007-04-07,856,11,40,41,47,15,42
2007-04-11,857,17,59,49,2,3,50
2007-04-14,858,31,37,54,23,4,18
2007-04-18,859,46,47,12,57,34,9
2007-04-23,860,22,8,17,42,44,2
2007-04-25,861,42,40,60,59,47,39
2007-04-28,862,19,35,12,2,11,8
2007-05-02,863,32,53,50,57,15,24
2007-05-05,864,31,11,33,42,57,8
2007-05-09,865,27,23,41,51,26,53
2007-05-12,866,36,48,27,40,5,46
2007-05-16,867,54,26,28,19,44,10
2007-05-19,868,57,51,21,22,25,40
2007-05-23,869,29,42,50,51,49,27
2007-05-26,870,52,8,43,34,40,21
2007-05-30,871,17,5,58,1,47,10
2007-06-02,872,18,55,58,43,31,5
2007-06-06,873,57,59,4,34,19,30
2007-06-09,874,59,20,52,42,44,10
2007-06-13,875,53,18,36,58,24,20
2007-06-16,876,4,12,41,45,60,8
2007-06-20,877,13,15,20,31,28,36
2007-06-23,878,37,12,43,38,11,54
2007-06-27,879,29,10,46,35,42,28
2007-06-30,880,51,30,49,25,37,46
2007-07-04,881,43,24,4,51,18,56
2007-07-07,882,42,45,44,60,41,17
2007-07-11,883,21,37,60,32,52,53
2007-07-14,884,22,11,2,14,39,12
2007-07-18,885,13,4,31,33,47,51
2007-07-21,886,50,55,37,33,59,17
2007-07-25,887,44,12,32,21,1,34
2007-07-28,888,50,24,40,54,52,60
2007-08-01,889,34,54,20,39,60,24
2007-08-04,890,9,21,22,7,17,54
2007-08-08,891,15,22,19,35,34,16
2007-08-11,892,1,49,52,42,19,44
2007-08-15,893,56,53,51,26,18,3
2007-08-18,894,37,24,44,28,20,41
2007-08-22,895,2,55,41,43,57,58
2007-08-25,896,31,11,41,35,22,5
2007-08-29,897,21,57,46,22,7,43
2007-09-01,898,4,8,3,54,45,30
2007-09-05,899,58,18,54,36,53,20
2007-09-08,900,4,21,59,18,38,34
2007-09-12,901,32,34,16,13,56,33
2007-09-15,902,52,55,23,50,58,18
2007-09-19,903,17,5,32,55,20,41
2007-09-22,904,32,44,59,53,48,51
2007-09-26,905,4,15,57,55,2,16
2007-09-29,906,35,39,29,24,7,14
2007-10-03,907,9,41,53,37,36,51
2007-10-06,908,19,1,9,25,50,52
2007-10-10,909,42,17,26,38,28,22
2007-10-13,910,53,29,36,3,15,27
2007-10-17,911,49,46,1,29,6,28
2007-10-20,912,26,21,54,4,19,29
2007-10-24,913,30,14,59,36,46,38
2007-10-27,914,33,51,9,23,45,12
2007-10-31,915,20,28,49,26,17,48
2007-11-03,916,33,37,5,38,28,36
2007-11-07,917,23,59,25,47,46,30
2007-11-10,918,38,44,8,4,12,52
2007-11-14,919,43,25,41,60,31,3
2007-11-17,920,17,57,55,24,52,5
2007-11-21,921,35,41,1,57,9,48
2007-11-24,922,41,49,45,19,13,12
2007-11-28,923,53,39,2,50,57,15
2007-12-01,924,51,27,60,21,20,2
2007-12-05,925,52,37,46,8,22,36
2007-12-08,926,40,41,34,33,21,59
2007-12-12,927,36,26,31,23,19,33
2007-12-15,928,32,10,49,60,4,33
2007-12-19,929,16,49,35,39,57,27
2007-12-22,930,46,20,55,37,28,49
2007-12-31,931,17,34,7,36,39,19
2008-01-05,932,2,21,42,53,36,17
2008-01-09,933,25,39,45,51,8,14
2008-01-12,934,25,48,44,3,21,1
2008-01-16,935,7,45,18,13,29,31
2008-01-19,936,5,33,14,29,44,22
2008-01-23,937,22,41,2,30,21,52
2008-01-26,938,35,15,27,57,50,59
2008-01-30,939,6,23,19,50,37,49
2008-02-02,940,25,33,51,31,5,37
2008-02-06,941,11,15,10,27,60,53
2008-02-09,942,5,52,18,8,59,42
2008-02-13,943,47,41,58,3,23,12
2008-02-16,944,16,58,43,37,52,59
2008-02-20,945,44,8,59,54,4,27
2008-02-23,946,59,1,47,5,52,12
2008-02-27,947,33,11,3,58,14,5
2008-03-01,948,22,44,41,46,52,54
2008-03-05,949,44,1,51,52,41,23
2008-03-08,950,48,59,49,41,42,23
2008-03-12,951,49,24,39,34,55,14
2008-03-15,952,54,11,27,18,2,30
2008-03-19,953,55,48,1,39,16,42
2008-03-22,954,8,5,24,18,57,33
2008-03-26,955,35,5,32,21,33,12
2008-03-29,956,46,51,47,59,54,57
2008-04-02,957,50,32,25,34,57,24
2008-04-05,958,13,22,7,33,51,48
2008-04-09,959,57,3,5,11,33,39
2008-04-12,960,34,6,33,18,53,19
2008-04-16,961,16,53,2,4,21,36
2008-04-19,962,2,48,49,40,55,11
2008-04-23,963,37,17,15,50,48,59
2008-04-26,964,42,13,33,20,8,26
2008-04-30,965,36,39,57,58,5,30
2008-05-03,966,1,58,26,28,4,41
2008-05-07,967,18,14,57,30,13,5
2008-05-10,968,30,4,13,60,51,1
2008-05-14,969,56,35,50,13,41,25
2008-05-17,970,57,34,5,54,28,21
2008-05-21,971,4,14,33,44,11,45
2008-05-24,972,33,18,15,56,31,34
2008-05-28,973,53,36,8,30,1,47
2008-05-31,974,45,20,38,31,16,12
2008-06-04,975,33,9,37,40,41,30
2008-06-07,976,28,53,38,23,14,25
2008-06-11,977,17,3,9,32,7,5
2008-06-14,978,42,58,12,18,16,27
2008-06-18,979,28,3,39,51,31,15
2008-06-21,980,35,17,59,15,36,29
2008-06-25,981,8,41,53,1,58,34
2008-06-28,982,12,24,8,40,43,49
2008-07-02,983,38,45,40,16,32,22
2008-07-05,984,46,20,4,43,47,10
2008-07-09,985,4,56,18,59,46,16
2008-07-12,986,32,6,31,24,15,19
2008-07-16,987,47,27,13,31,34,58
2008-07-19,988,48,17,46,56,60,8
2008-07-23,989,38,21,27,2,29,32
2008-07-26,990,29,18,2,15,10,39
2008-07-30,991,8,38,60,41,15,9
2008-08-02,992,6,8,4,1,25,28
2008-08-06,993,26,25,42,60,5,24
2008-08-09,994,44,40,58,29,3,20
2008-08-13,995,4,54,55,36,16,31
2008-08-16,996,21,23,20,7,29,15
2008-08-20,997,18,53,55,32,9,17
2008-08-23,998,28,21,4,32,3,22
2008-08-27,999,44,36,55,58,18,24
2008-08-30,1000,49,58,53,39,38,29
2008-09-03,1001,15,37,27,12,60,51
2008-09-06,1002,3,31,7,25,40,58
2008-09-10,1003,10,27,23,5,16,26
2008-09-13,1004,45,47,29,40,44,43
2008-09-17,1005,6,41,4,37,12,42
2008-09-20,1006,48,17,4,33,55,2
2008-09-24,1007,49,27,4,36,52,37
2008-09-27,1008,7,15,42,48,34,13
2008-10-01,1009,34,12,1,6,58,29
2008-10-04,1010,2,46,3,37,13,54
2008-10-08,1011,30,2,52,21,11,35
2008-10-11,1012,47,19,58,14,40,55
2008-10-15,1013,7,9,20,41,12,19
2008-10-18,1014,60,57,9,25,8,41
2008-10-22,1015,49,8,28,3,26,17
2008-10-25,1016,11,9,25,5,60,20
2008-10-29,1017,31,51,19,6,56,34
2008-11-01,1018,55,51,58,9,44,24
2008-11-05,1019,29,47,4,13,46,23
2008-11-08,1020,19,32,52,1,2,39
2008-11-12,1021,42,55,51,43,2,33
2008-11-16,1022,31,21,40,39,56,5
2008-11-19,1023,45,40,2,7,18,8
2008-11-22,1024,28,53,18,39,22,29
2008-11-26,1025,52,40,29,27,28,10
2008-11-29,1026,10,33,51,53,6,17
2008-12-03,1027,20,18,47,44,60,33
2008-12-06,1028,54,26,34,51,20,52
2008-12-10,1029,17,5,16,24,20,32
2008-12-13,1030,57,8,54,1,23,37
2008-12-17,1031,49,33,24,40,46,43
2008-12-20,1032,57,43,15,29,26,16
2008-12-24,1033,39,6,5,33,54,17
2008-12-27,1034,20,42,1,3,49,18
2008-12-31,1035,51,60,1,11,59,26
2009-01-03,1036,27,39,36,10,41,52
2009-01-07,1037,56,36,4,44,46,53
2009-01-10,1038,51,7,6,28,35,43
2009-01-14,1039,52,2,20,27,36,24
2009-01-17,1040,44,1,28,55,6,39
2009-01-21,1041,12,10,36,54,44,57
2009-01-24,1042,25,46,51,18,13,30
2009-01-28,1043,25,14,51,48,60,21
2009-01-31,1044,58,10,39,11,13,35
2009-02-04,1045,31,6,5,17,50,1
2009-02-07,1046,57,40,28,42,54,55
2009-02-11,1047,1,2,10,48,14,8
2009-02-14,1048,57,3,38,21,28,16
2009-02-18,1049,34,17,52,5,2,29
2009-02-21,1050,60,14,45,24,33,26
2009-02-25,1051,57,11,7,43,10,13
2009-02-28,1052,8,11,16,15,57,52
2009-03-04,1053,15,42,27,53,34,49
2009-03-07,1054,41,27,13,60,14,18
2009-03-11,1055,27,32,15,12,20,16
2009-03-14,1056,38,8,50,53,59,6
2009-03-18,1057,15,49,59,4,3,2
2009-03-21,1058,20,51,57,45,24,18
2009-03-25,1059,37,1,14,45,12,16
2009-03-28,1060,1,41,3,18,16,42
2009-04-01,1061,9,41,56,23,21,30
2009-04-04,1062,55,8,2,37,23,33
2009-04-08,1063,49,1,22,47,44,50
2009-04-11,1064,28,4,19,16,49,29
2009-04-15,1065,7,57,19,43,39,30
2009-04-18,1066,10,43,49,32,25,6
2009-04-22,1067,14,10,56,25,4,28
2009-04-25,1068,44,48,25,57,27,47
2009-04-29,1069,28,17,49,53,45,9
2009-05-02,1070,41,53,8,23,5,16
2009-05-06,1071,5,37,43,7,53,54
2009-05-09,1072,19,18,54,47,43,9
2009-05-13,1073,44,36,32,8,34,25
2009-05-16,1074,3,47,10,50,29,23
2009-05-20,1075,53,39,16,21,10,12
2009-05-23,1076,32,33,10,19,42,4
2009-05-27,1077,11,6,18,5,37,9
2009-05-30,1078,3,6,45,34,41,43
2009-06-03,1079,36,12,37,24,5,28
2009-06-06,1080,56,11,20,41,34,18
2009-06-10,1081,9,56,29,52,16,24
2009-06-13,1082,4,40,50,17,55,38
2009-06-17,1083,20,28,42,23,10,43
2009-06-20,1084,20,5,29,59,40,33
2009-06-24,1085,39,50,21,12,40,55
2009-06-27,1086,45,4,6,23,10,2
2009-07-01,1087,36,46,28,32,3,20
2009-07-04,1088,24,42,35,31,6,57
2009-07-08,1089,37,48,32,2,18,20
2009-07-11,1090,24,9,40,20,36,42
2009-07-15,1091,27,56,17,24,49,23
2009-07-18,1092,40,30,1,9,33,34
2009-07-22,1093,27,49,38,23,41,19
2009-07-25,1094,10,9,48,36,41,21
2009-07-29,1095,27,23,36,10,21,16
2009-08-01,1096,3,41,52,14,13,16
2009-08-05,1097,21,48,33,1,56,17
2009-08-08,1098,30,20,21,11,50,52
2009-08-12,1099,55,44,38,35,14,31
2009-08-15,1100,41,33,17,18,7,42
2009-08-19,1101,7,12,57,6,24,10
2009-08-22,1102,46,23,9,35,11,51
2009-08-26,1103,41,19,10,28,55,56
2009-08-29,1104,3,35,58,49,2,6
2009-09-02,1105,43,1,50,28,57,15
2009-09-05,1106,4,15,50,60,43,47
2009-09-09,1107,36,20,54,9,3,53
2009-09-12,1108,60,44,7,39,43,9
2009-09-16,1109,11,52,14,6,29,8
2009-09-19,1110,26,45,6,28,42,14
2009-09-23,1111,4,43,25,9,33,32
2009-09-26,1112,4,34,52,32,58,43
2009-09-30,1113,47,36,29,59,3,6
2009-10-03,1114,16,3,22,54,25,15
2009-10-07,1115,44,41,18,50,37,30
2009-10-10,1116,17,20,4,47,9,13
2009-10-14,1117,27,35,40,1,6,17
2009-10-17,1118,55,44,8,20,43,21
2009-10-21,1119,44,54,41,45,34,10
2009-10-24,1120,50,55,7,35,44,40
2009-10-28,1121,18,4,59,54,56,17
2009-10-31,1122,49,44,56,26,46,55
2009-11-04,1123,19,4,39,14,45,60
2009-11-07,1124,49,11,7,18,16,33
2009-11-11,1125,7,42,56,29,33,3
2009-11-14,1126,59,31,57,4,52,42
2009-11-18,1127,24,8,14,5,29,30
2009-11-21,1128,60,8,39,52,24,16
2009-11-25,1129,47,19,17,12,32,55
2009-11-28,1130,23,49,32,54,18,5
2009-12-02,1131,49,34,36,1,16,8
2009-12-05,1132,52,30,27,12,55,33
2009-12-09,1133,16,5,58,39,10,21
2009-12-12,1134,29,36,56,22,9,51
2009-12-16,1135,5,4,19,39,6,23
2009-12-19,1136,7,31,32,37,43,34
2009-12-22,1137,21,28,19,25,50,43
2009-12-24,1138,4,25,18,15,36,2
2009-12-26,1139,36,42,37,9,28,31
2009-12-31,1140,49,58,40,46,10,27
2010-01-02,1141,40,9,37,58,50,60
2010-01-06,1142,28,31,15,58,3,26
2010-01-09,1143,35,47,60,44,30,3
2010-01-13,1144,19,10,49,18,1,44
2010-01-16,1145,19,3,60,33,24,16
2010-01-20,1146,10,34,53,33,28,6
2010-01-23,1147,23,39,52,31,6,33
2010-01-27,1148,48,32,29,55,27,28
2010-01-30,1149,46,54,8,36,7,23
2010-02-03,1150,28,17,35,52,31,15
2010-02-06,1151,1,25,4,14,21,51
2010-02-10,1152,47,36,44,29,20,14
2010-02-13,1153,55,46,34,17,19,6
2010-02-17,1154,4,14,21,26,12,28
2010-02-20,1155,28,58,41,40,51,20
2010-02-24,1156,31,49,44,24,9,48
2010-02-27,1157,46,9,43,41,49,29
2010-03-03,1158,23,31,60,55,30,54
2010-03-06,1159,53,46,5,6,34,55
2010-03-10,1160,40,5,3,48,1,18
2010-03-13,1161,48,47,7,4,42,51
2010-03-17,1162,31,25,18,41,22,30
2010-03-20,1163,5,51,31,53,47,17
2010-03-24,1164,17,6,14,40,49,26
2010-03-27,1165,20,52,60,42,54,40
2010-03-31,1166,35,28,54,30,22,31
2010-04-03,1167,43,28,56,20,52,51
2010-04-07,1168,47,20,4,56,53,5
2010-04-10,1169,14,1,11,23,42,48
2010-04-14,1170,46,11,27,34,49,13
2010-04-17,1171,41,3,10,30,57,13
2010-04-20,1172,28,52,6,43,12,56
2010-04-24,1173,7,25,24,36,5,47
2010-04-28,1174,7,52,6,51,47,39
2010-04-30,1175,2,3,12,37,47,16
2010-05-05,1176,21,11,49,14,33,30
2010-05-08,1177,33,52,55,47,38,50
2010-05-12,1178,1,53,22,50,45,30
2010-05-15,1179,59,28,47,60,22,5
2010-05-19,1180,60,12,34,30,44,57
2010-05-22,1181,44,18,45,31,26,20
2010-05-26,1182,52,29,56,60,2,4
2010-05-29,1183,12,5,10,20,29,37
2010-06-02,1184,4,23,27,28,9,30
2010-06-05,1185,54,10,2,43,21,35
2010-06-09,1186,41,12,15,7,13,8
2010-06-12,1187,8,49,43,17,40,19
2010-06-16,1188,60,52,59,9,44,20
2010-06-19,1189,50,21,14,35,31,27
2010-06-23,1190,11,53,56,37,10,19
2010-06-26,1191,25,22,11,16,33,3
2010-06-30,1192,49,17,20,59,57,52
2010-07-03,1193,12,54,2,32,14,9
2010-07-07,1194,24,53,41,6,13,50
2010-07-10,1195,27,17,57,26,55,20
2010-07-14,1196,60,3,20,19,58,6
2010-07-17,1197,39,54,36,37,60,49
2010-07-21,1198,29,22,36,58,41,48
2010-07-24,1199,58,28,23,39,16,19
2010-07-28,1200,10,3,39,54,56,11
2010-07-31,1201,36,32,55,49,60,28
2010-08-04,1202,9,60,11,53,48,8
2010-08-07,1203,55,30,33,9,7,38
2010-08-11,1204,10,25,5,39,52,43
2010-08-14,1205,14,4,26,35,29,13
2010-08-18,1206,2,11,37,36,48,6
2010-08-21,1207,32,35,22,9,56,11
2010-08-25,1208,45,12,1,26,54,20
2010-08-28,1209,30,17,38,14,5,35
2010-09-01,1210,3,7,9,10,31,34
2010-09-04,1211,36,54,3,31,15,48
2010-09-08,1212,35,50,2,23,33,40
2010-09-11,1213,3,53,45,11,34,26
2010-09-15,1214,5,41,29,36,30,48
2010-09-18,1215,47,51,10,50,30,25
2010-09-22,1216,7,25,4,58,13,27
2010-09-25,1217,5,43,28,15,11,50
2010-09-29,1218,33,23,29,46,10,31
2010-10-02,1219,34,37,41,53,2,33
2010-10-06,1220,48,55,52,43,5,15
2010-10-09,1221,46,5,58,37,14,43
2010-10-13,1222,26,19,48,57,5,8
2010-10-16,1223,17,15,48,42,35,47
2010-10-20,1224,41,19,57,53,21,27
2010-10-23,1225,32,55,34,31,50,40
2010-10-27,1226,31,55,56,50,40,10
2010-10-30,1227,35,31,4,30,54,28
2010-11-03,1228,36,10,60,52,50,23
2010-11-06,1229,12,49,60,32,30,40
2010-11-10,1230,37,35,12,22,19,9
2010-11-13,1231,20,27,49,5,23,39
2010-11-17,1232,12,18,15,8,11,22
2010-11-20,1233,49,22,59,29,32,54
2010-11-24,1234,3,5,24,19,30,35
2010-11-27,1235,16,49,55,20,10,26
2010-12-01,1236,17,20,38,8,53,3
2010-12-04,1237,26,21,39,5,18,59
2010-12-08,1238,40,45,24,14,13,39
2010-12-11,1239,15,1,48,37,39,52
2010-12-15,1240,22,42,49,8,12,9
2010-12-18,1241,13,26,25,10,28,45
2010-12-20,1242,54,45,51,11,34,48
2010-12-22,1243,32,19,23,57,9,29
2010-12-24,1244,45,8,34,15,2,25
2010-12-31,1245,34,10,37,50,43,2
2011-01-05,1246,59,10,37,57,40,43
2011-01-08,1247,9,11,24,3,51,36
2011-01-12,1248,20,33,58,34,57,60
2011-01-15,1249,3,40,8,53,51,36
2011-01-19,1250,59,1,2,40,51,24
2011-01-22,1251,48,27,34,52,46,5
2011-01-26,1252,35,2,51,14,49,39
2011-01-29,1253,2,51,17,44,43,23
2011-02-02,1254,9,29,18,7,14,39
2011-02-05,1255,23,5,54,39,38,51
2011-02-09,1256,26,38,33,35,53,43
2011-02-12,1257,27,15,30,52,26,2
2011-02-16,1258,47,26,11,57,59,55
2011-02-19,1259,39,54,58,46,4,6
2011-02-23,1260,19,23,31,53,29,41
2011-02-26,1261,10,41,14,22,53,42
2011-03-02,1262,11,39,9,5,8,7
2011-03-05,1263,41,53,18,4,36,26
2011-03-09,1264,56,17,37,51,4,36
2011-03-12,1265,13,50,46,24,60,19
2011-03-16,1266,39,6,42,10,60,33
2011-03-19,1267,47,58,4,41,20,30
2011-03-23,1268,17,53,60,44,16,3
2011-03-26,1269,51,5,27,4,15,17
2011-03-30,1270,31,33,24,5,42,9
2011-04-02,1271,2,52,39,59,48,1
2011-04-06,1272,28,27,13,35,26,52
2011-04-09,1273,60,26,19,58,13,40
2011-04-13,1274,13,59,21,17,40,39
2011-04-16,1275,58,55,14,2,60,48
2011-04-20,1276,9,40,5,22,36,11
2011-04-23,1277,50,59,18,31,60,12
2011-04-27,1278,4,16,24,56,25,30
2011-04-30,1279,8,29,36,35,14,40
2011-05-04,1280,29,6,54,10,20,16
2011-05-07,1281,36,14,30,38,11,8
2011-05-11,1282,4,39,56,23,52,55
2011-05-14,1283,59,8,60,44,40,30
2011-05-18,1284,26,21,20,36,31,29
2011-05-21,1285,33,10,15,38,31,28
2011-05-25,1286,5,52,2,33,51,28
2011-05-28,1287,33,42,12,31,11,52
2011-06-01,1288,42,32,56,40,30,17
2011-06-04,1289,13,8,27,1,3,52
2011-06-08,1290,14,50,3,23,2,34
2011-06-11,1291,18,57,58,40,47,54
2011-06-15,1292,30,31,23,9,54,11
2011-06-18,1293,24,50,1,44,13,40
2011-06-22,1294,6,50,4,48,29,51
2011-06-25,1295,20,2,43,15,5,57
2011-06-29,1296,49,43,14,10,53,46
2011-07-02,1297,2,56,11,5,59,13
2011-07-06,1298,60,14,53,30,15,55
2011-07-09,1299,56,32,8,22,43,53
2011-07-13,1300,46,43,59,54,44,53
2011-07-16,1301,16,25,3,51,23,56
2011-07-20,1302,44,15,56,2,10,57
2011-07-23,1303,19,51,54,8,52,46
2011-07-27,1304,35,23,15,7,20,14
2011-07-30,1305,44,11,5,46,36,3
2011-08-03,1306,45,6,19,34,43,22
2011-08-06,1307,10,47,54,7,43,32
2011-08-09,1308,24,33,7,30,47,8
2011-08-11,1309,7,12,25,26,32,39
2011-08-13,1310,14,8,53,9,59,32
2011-08-17,1311,54,7,19,12,45,9
2011-08-20,1312,28,30,29,22,20,5
2011-08-24,1313,39,26,49,1,4,43
2011-08-27,1314,42,44,52,58,60,38
2011-08-31,1315,27,29,1,50,52,38
2011-09-03,1316,48,34,25,42,13,8
2011-09-08,1317,35,29,37,13,6,30
2011-09-10,1318,34,46,14,28,11,16
2011-09-14,1319,16,4,18,27,5,51
2011-09-17,1320,38,17,55,41,24,25
2011-09-21,1321,51,59,47,10,60,53
2011-09-24,1322,55,43,21,10,47,53
2011-09-28,1323,25,37,15,6,48,55
2011-10-01,1324,29,44,51,31,18,57
2011-10-05,1325,35,2,20,43,5,16
2011-10-08,1326,30,19,10,18,50,11
2011-10-13,1327,41,35,36,16,52,54
2011-10-15,1328,43,27,59,53,23,10
2011-10-19,1329,43,50,8,7,39,11
2011-10-22,1330,48,8,21,18,49,30
2011-10-26,1331,24,46,39,57,26,9
2011-10-29,1332,5,13,3,24,35,59
2011-11-03,1333,25,51,26,42,28,33
2011-11-05,1334,8,25,27,6,10,1
2011-11-09,1335,49,3,51,20,22,14
2011-11-12,1336,51,54,32,1,38,47
2011-11-16,1337,38,2,45,35,20,51
2011-11-19,1338,19,33,18,43,60,1
2011-11-23,1339,59,10,16,14,7,54
2011-11-26,1340,36,21,13,59,60,30
2011-11-30,1341,11,40,37,20,1,52
2011-12-03,1342,5,60,46,42,50,7
2011-12-07,1343,51,31,42,20,56,19
2011-12-10,1344,19,42,8,36,21,59
2011-12-14,1345,50,40,26,7,19,17
2011-12-17,1346,59,47,32,48,40,12
2011-12-20,1347,19,45,54,56,46,9
2011-12-22,1348,38,45,39,7,12,56
2011-12-24,1349,9,19,20,50,60,51
2011-12-31,1350,4,36,29,55,45,3
2012-01-04,1351,13,50,41,36,56,33
2012-01-07,1352,35,59,36,9,18,24
2012-01-11,1353,47,11,3,27,32,13
2012-01-14,1354,2,42,8,49,48,38
2012-01-18,1355,39,49,11,24,17,46
2012-01-21,1356,21,46,6,22,13,31
2012-01-25,1357,55,52,26,19,1,24
2012-01-28,1358,16,15,37,3,35,47
2012-02-01,1359,12,17,28,53,6,10
2012-02-04,1360,50,25,17,16,54,2
2012-02-08,1361,37,27,44,30,38,23
2012-02-11,1362,58,19,12,22,2,36
2012-02-15,1363,52,25,42,45,35,57
2012-02-18,1364,20,13,40,10,53,44
2012-02-22,1365,50,35,32,26,2,24
2012-02-25,1366,59,44,54,37,27,12
2012-03-01,1367,38,29,43,13,7,2
2012-03-03,1368,10,26,29,38,32,21
2012-03-07,1369,32,24,16,38,5,46
2012-03-10,1370,2,27,59,49,4,5
2012-03-14,1371,47,11,8,49,3,4
2012-03-17,1372,46,60,58,36,40,3
2012-03-21,1373,52,39,7,27,55,57
2012-03-24,1374,21,33,28,31,43,6
2012-03-28,1375,25,28,53,45,14,58
2012-03-31,1376,53,49,21,11,54,9
2012-04-04,1377,25,5,13,12,35,2
2012-04-07,1378,18,17,59,2,54,5
2012-04-11,1379,45,5,36,12,50,58
2012-04-14,1380,52,14,3,60,57,55
2012-04-18,1381,44,30,27,11,40,57
2012-04-20,1382,17,27,55,13,5,16
2012-04-25,1383,9,55,23,44,7,46
2012-04-28,1384,56,18,31,2,30,45
2012-05-02,1385,42,37,35,27,59,36
2012-05-05,1386,39,56,28,12,51,38
2012-05-09,1387,43,27,18,52,50,32
2012-05-12,1388,54,31,50,43,29,22
2012-05-16,1389,1,44,39,16,57,28
2012-05-19,1390,29,27,19,4,28,31
2012-05-23,1391,19,7,12,34,53,40
2012-05-26,1392,43,8,2,28,33,12
2012-05-30,1393,44,28,18,24,4,39
2012-06-02,1394,11,35,16,46,24,50
2012-06-06,1395,5,44,11,19,17,48
2012-06-09,1396,52,48,54,58,55,29
2012-06-13,1397,15,56,3,27,4,7
2012-06-16,1398,42,51,14,40,32,33
2012-06-20,1399,39,43,60,57,34,56
2012-06-23,1400,34,26,9,43,54,53
2012-06-27,1401,12,11,54,33,48,25
2012-06-30,1402,38,10,27,2,21,9
2012-07-04,1403,16,39,13,26,42,20
2012-07-07,1404,7,32,31,51,27,8
2012-07-11,1405,14,17,32,37,39,3
2012-07-14,1406,7,10,38,17,24,57
2012-07-18,1407,53,42,31,43,29,18
2012-07-21,1408,43,39,20,19,24,4
2012-07-25,1409,50,6,47,58,26,19
2012-07-28,1410,54,29,18,42,40,50
2012-08-01,1411,32,44,12,8,48,46
2012-08-04,1412,6,8,37,24,45,41
2012-08-07,1413,54,33,13,55,45,15
2012-08-09,1414,44,49,57,37,21,46
2012-08-11,1415,51,49,46,40,36,26
2012-08-15,1416,49,3,19,35,22,24
2012-08-18,1417,12,56,5,52,45,59
2012-08-22,1418,7,8,10,27,12,56
2012-08-25,1419,52,21,48,58,30,17
2012-08-29,1420,45,16,18,11,36,2
2012-09-01,1421,31,39,59,19,53,44
2012-09-05,1422,17,44,2,5,13,39
2012-09-08,1423,43,8,21,27,3,25
2012-09-12,1424,60,38,29,3,7,15
2012-09-15,1425,7,29,50,16,38,36
2012-09-19,1426,24,44,6,15,18,30
2012-09-22,1427,47,44,53,56,8,39
2012-09-26,1428,15,55,37,34,19,7
2012-09-29,1429,9,22,60,48,12,39
2012-10-03,1430,19,2,30,46,22,52
2012-10-06,1431,33,54,40,5,9,13
2012-10-10,1432,16,24,25,45,59,42
2012-10-13,1433,14,46,40,13,4,52
2012-10-17,1434,3,34,58,22,18,55
2012-10-20,1435,45,47,50,52,15,4
2012-10-24,1436,1,23,13,30,24,57
2012-10-27,1437,48,37,26,22,38,23
2012-10-31,1438,49,7,33,31,36,14
2012-11-03,1439,35,55,2,43,34,42
2012-11-07,1440,6,28,56,2,36,51
2012-11-10,1441,56,29,53,36,38,17
2012-11-14,1442,12,20,13,49,34,30
2012-11-17,1443,52,32,12,54,20,48
2012-11-21,1444,2,5,55,28,27,48
2012-11-24,1445,41,32,19,58,5,49
2012-11-28,1446,13,32,6,51,40,24
2012-12-01,1447,1,41,28,33,39,19
2012-12-05,1448,25,29,36,1,56,60
2012-12-08,1449,2,18,30,56,52,6
2012-12-12,1450,27,45,44,26,38,31
2012-12-15,1451,57,10,33,2,11,52
2012-12-18,1452,50,57,58,28,2,14
2012-12-20,1453,47,32,25,57,6,13
2012-12-22,1454,27,52,41,29,4,48
2012-12-31,1455,33,14,52,36,32,41
2013-01-02,1456,36,6,40,14,8,26
2013-01-05,1457,34,16,46,15,42,59
2013-01-09,1458,2,16,4,44,33,51
2013-01-12,1459,2,6,35,30,52,34
2013-01-16,1460,50,52,14,4,27,38
2013-01-19,1461,44,31,49,54,36,47
2013-01-23,1462,5,9,25,40,38,27
2013-01-26,1463,40,22,13,29,48,28
2013-01-30,1464,59,2,54,32,24,50
2013-02-02,1465,11,6,53,44,16,26
2013-02-06,1466,4,13,51,37,6,34
2013-02-09,1467,41,53,26,23,52,24
2013-02-13,1468,2,20,37,19,1,10
2013-02-16,1469,4,56,54,13,35,58
2013-02-20,1470,2,34,51,36,38,55
2013-02-23,1471,58,33,36,40,25,10
2013-02-27,1472,12,23,25,18,45,50
2013-03-02,1473,60,12,57,58,33,2
2013-03-06,1474,2,43,11,1,3,28
2013-03-09,1475,13,12,51,37,48,44
2013-03-13,1476,26,10,4,37,47,57
2013-03-16,1477,50,59,56,46,3,4
2013-03-20,1478,10,40,27,47,55,37
2013-03-23,1479,57,21,54,48,50,60
2013-03-27,1480,9,14,26,36,52,21
2013-03-30,1481,40,27,55,17,28,44
2013-04-03,1482,11,9,6,34,41,53
2013-04-06,1483,55,53,1,35,56,39
2013-04-10,1484,49,29,17,53,20,24
2013-04-13,1485,30,59,27,36,4,54
2013-04-17,1486,10,1,34,54,6,40
2013-04-20,1487,4,17,23,28,9,53
2013-04-24,1488,4,51,45,22,38,25
2013-04-27,1489,48,15,24,28,1,26
2013-05-02,1490,31,32,43,3,52,1
2013-05-04,1491,56,6,45,60,26,50
2013-05-08,1492,48,44,46,4,18,9
2013-05-11,1493,30,24,12,49,7,27
2013-05-15,1494,50,28,35,24,2,14
2013-05-18,1495,13,49,4,44,14,57
2013-05-22,1496,28,18,41,54,14,47
2013-05-25,1497,58,7,27,45,4,5
2013-05-29,1498,11,46,27,49,6,40
2013-06-01,1499,26,37,8,22,54,33
2013-06-05,1500,57,43,18,59,10,31
2013-06-08,1501,13,37,54,7,29,1
2013-06-12,1502,6,43,22,52,57,51
2013-06-15,1503,36,22,42,3,16,4
2013-06-19,1504,41,2,42,30,12,10
2013-06-22,1505,32,1,6,9,16,2
2013-06-26,1506,49,34,42,18,3,14
2013-06-29,1507,46,24,51,50,56,52
2013-07-03,1508,58,39,18,17,35,30
2013-07-06,1509,27,51,1,46,59,6
2013-07-10,1510,1,8,44,17,46,53
2013-07-13,1511,8,29,31,4,17,45
2013-07-17,1512,35,11,28,46,42,58
2013-07-20,1513,31,57,17,56,28,58
2013-07-24,1514,23,16,17,59,42,60
2013-07-27,1515,59,49,13,18,4,14
2013-07-31,1516,34,60,18,45,4,20
2013-08-03,1517,45,38,52,17,7,56
2013-08-06,1518,28,8,55,41,48,9
2013-08-08,1519,6,23,56,15,5,59
2013-08-10,1520,36,46,48,31,7,35
2013-08-14,1521,18,30,14,11,33,39
2013-08-17,1522,33,5,23,32,8,56
2013-08-21,1523,25,39,44,41,31,22
2013-08-24,1524,40,53,12,46,2,52
2013-08-28,1525,30,46,35,54,26,2
2013-08-31,1526,51,47,28,10,59,16
2013-09-04,1527,32,44,42,48,16,36
2013-09-06,1528,4,13,58,36,19,15
2013-09-11,1529,35,17,15,34,49,11
2013-09-14,1530,53,10,28,16,48,33
2013-09-18,1531,24,41,12,42,44,13
2013-09-21,1532,42,2,11,23,31,44
2013-09-25,1533,29,21,47,57,13,34
2013-09-28,1534,28,12,34,29,1,48
2013-10-02,1535,55,25,9,8,54,41
2013-10-05,1536,18,32,29,13,50,58
2013-10-09,1537,6,56,33,50,51,10
2013-10-11,1538,35,52,27,53,57,23
2013-10-16,1539,10,49,8,58,20,26
2013-10-19,1540,54,47,27,17,3,32
2013-10-23,1541,37,5,24,44,49,58
2013-10-26,1542,7,12,57,11,30,39
2013-10-30,1543,30,7,23,20,15,41
2013-11-01,1544,30,50,45,2,35,21
2013-11-06,1545,6,48,11,45,4,24
2013-11-09,1546,38,44,17,60,4,53
2013-11-13,1547,28,21,9,10,2,18
2013-11-16,1548,44,41,42,54,47,19
2013-11-20,1549,32,53,16,20,12,10
2013-11-23,1550,21,56,36,9,13,27
2013-11-27,1551,2,23,38,15,21,19
2013-11-30,1552,7,18,26,46,39,24
2013-12-04,1553,29,21,20,46,22,60
2013-12-07,1554,30,52,50,49,53,32
2013-12-11,1555,5,52,59,2,33,23
2013-12-14,1556,7,52,11,10,1,4
2013-12-17,1557,46,18,16,45,31,4
2013-12-19,1558,31,42,15,7,17,54
2013-12-21,1559,37,58,12,29,8,16
2013-12-31,1560,30,47,53,38,20,36
2014-01-02,1561,28,26,54,55,23,60
2014-01-04,1562,12,10,51,37,23,47
2014-01-09,1563,43,36,1,20,13,6
2014-01-11,1564,54,44,38,25,46,53
2014-01-15,1565,43,41,37,51,18,39
2014-01-18,1566,11,32,60,5,6,36
2014-01-22,1567,53,38,30,2,15,48
2014-01-25,1568,28,58,19,24,42,25
2014-01-29,1569,42,15,18,31,5,53
2014-02-01,1570,18,46,42,15,56,24
2014-02-05,1571,46,60,55,32,3,29
2014-02-08,1572,46,42,27,45,20,47
2014-02-12,1573,7,16,36,35,38,21
2014-02-15,1574,6,28,33,48,46,27
2014-02-19,1575,1,5,4,45,14,56
2014-02-22,1576,26,30,21,15,13,46
2014-02-26,1577,25,32,11,59,51,14
2014-03-01,1578,6,53,56,30,37,3
2014-03-05,1579,34,25,40,51,60,49
2014-03-08,1580,1,6,14,17,33,36
2014-03-12,1581,31,34,15,14,25,30
2014-03-15,1582,4,17,1,48,13,38
2014-03-19,1583,18,2,9,47,17,45
2014-03-22,1584,27,54,28,50,22,3
2014-03-26,1585,55,47,43,48,49,2
2014-03-29,1586,47,58,8,43,39,46
2014-04-02,1587,8,21,19,30,52,56
2014-04-05,1588,36,29,23,49,32,45
2014-04-09,1589,11,41,51,5,19,4
2014-04-12,1590,40,7,44,55,34,20
2014-04-16,1591,4,23,55,10,38,33
2014-04-19,1592,41,49,36,42,31,38
2014-04-23,1593,4,17,38,9,18,21
2014-04-26,1594,53,43,23,6,7,8
2014-04-30,1595,59,5,42,8,46,2
2014-05-03,1596,5,12,1,7,45,10
2014-05-07,1597,16,52,5,44,10,50
2014-05-10,1598,36,47,42,29,53,31
2014-05-14,1599,35,10,15,58,36,3
2014-05-17,1600,9,46,23,32,35,57
2014-05-21,1601,60,24,56,45,10,8
2014-05-24,1602,8,44,40,35,22,12
2014-05-28,1603,13,53,20,31,60,27
2014-05-31,1604,21,40,51,27,24,2
2014-06-04,1605,42,30,9,19,31,21
2014-06-07,1606,54,1,15,37,46,42
2014-06-11,1607,32,41,51,7,31,52
2014-06-14,1608,6,43,17,5,54,59
2014-06-18,1609,2,26,6,13,53,60
2014-06-21,1610,36,53,35,9,1,4
2014-06-25,1611,24,51,50,28,58,47
2014-06-28,1612,17,51,36,6,42,13
2014-07-02,1613,31,18,4,46,44,49
2014-07-05,1614,49,27,43,17,14,21
2014-07-09,1615,26,20,5,44,33,31
2014-07-12,1616,46,40,58,31,28,42
2014-07-16,1617,23,31,47,54,3,26
2014-07-19,1618,9,51,20,24,52,43
2014-07-23,1619,46,17,5,42,47,8
2014-07-26,1620,57,23,38,13,34,27
2014-07-30,1621,24,22,38,49,10,39
2014-08-02,1622,21,7,5,53,45,4
2014-08-05,1623,33,56,59,43,50,49
2014-08-07,1624,32,2,27,47,58,41
2014-08-09,1625,45,11,22,52,36,40
2014-08-13,1626,3,52,5,43,35,14
2014-08-16,1627,26,57,20,32,45,41
2014-08-20,1628,38,26,60,34,29,50
2014-08-23,1629,47,20,35,4,59,24
2014-08-27,1630,30,43,7,44,1,54
2014-08-30,1631,47,48,44,60,4,29
2014-09-03,1632,18,56,27,6,24,59
2014-09-06,1633,2,11,49,13,36,1
2014-09-10,1634,44,9,33,10,23,51
2014-09-13,1635,30,32,51,8,28,23
2014-09-17,1636,33,19,52,51,35,26
2014-09-20,1637,5,56,24,55,1,47
2014-09-24,1638,38,2,42,58,41,1
2014-09-27,1639,35,51,34,49,16,29
2014-10-01,1640,6,18,46,23,31,2
2014-10-04,1641,51,30,29,33,46,23
2014-10-08,1642,47,3,43,42,60,23
2014-10-11,1643,19,20,16,60,28,37
2014-10-15,1644,10,16,34,13,60,22
2014-10-18,1645,31,37,21,38,8,18
2014-10-22,1646,34,23,41,19,40,58
2014-10-25,1647,38,54,23,12,17,53
2014-10-29,1648,48,18,15,22,20,16
2014-11-01,1649,54,33,24,44,38,42
2014-11-05,1650,23,57,29,17,60,38
2014-11-08,1651,27,44,8,35,38,41
2014-11-12,1652,44,28,24,57,7,26
2014-11-14,1653,45,22,27,21,1,32
2014-11-19,1654,50,33,42,7,58,16
2014-11-22,1655,56,46,7,24,28,53
2014-11-26,1656,6,4,43,54,56,11
2014-11-29,1657,10,54,37,45,14,7
2014-12-03,1658,7,40,19,49,11,23
2014-12-06,1659,20,33,37,49,4,10
2014-12-10,1660,17,38,42,51,34,8
2014-12-13,1661,16,48,43,27,58,13
2014-12-17,1662,57,10,25,14,33,29
2014-12-20,1663,20,27,49,40,55,18
2014-12-24,1664,48,8,21,36,23,29
2014-12-31,1665,20,11,16,1,56,5
2015-01-03,1666,51,27,1,23,45,2
2015-01-07,1667,51,24,56,7,12,44
2015-01-10,1668,47,40,55,57,52,5
2015-01-14,1669,29,28,31,48,45,49
2015-01-17,1670,1,33,30,17,47,19
2015-01-21,1671,21,31,56,55,45,27
2015-01-24,1672,20,10,1,5,42,3
2015-01-28,1673,35,10,47,5,24,23
2015-01-31,1674,42,59,30,58,50,22
2015-02-04,1675,36,3,35,56,18,34
2015-02-07,1676,2,1,37,51,48,11
2015-02-11,1677,52,33,15,28,51,10
2015-02-14,1678,35,52,17,19,9,11
2015-02-18,1679,28,2,1,46,27,47
2015-02-21,1680,37,46,47,51,23,38
2015-02-25,1681,1,33,8,11,6,50
2015-02-28,1682,13,39,51,37,35,7
2015-03-04,1683,48,4,12,34,32,33
2015-03-07,1684,9,12,31,50,18,39
2015-03-11,1685,39,46,18,51,31,3
2015-03-14,1686,44,37,9,55,14,46
2015-03-18,1687,15,58,24,37,46,49
2015-03-21,1688,18,23,42,56,32,30
2015-03-25,1689,41,2,53,5,13,27
2015-03-28,1690,24,45,53,35,26,21
2015-04-01,1691,39,45,58,10,1,24
2015-04-04,1692,44,56,13,14,27,11
2015-04-08,1693,19,18,38,5,21,15
2015-04-11,1694,34,29,20,37,57,45
2015-04-15,1695,36,43,38,24,58,44
2015-04-18,1696,12,1,31,37,17,46
2015-04-22,1697,8,30,23,51,53,58
2015-04-25,1698,24,44,28,13,45,11
2015-04-29,1699,1,10,30,33,38,6
2015-05-02,1700,58,41,48,50,15,18
2015-05-05,1701,9,3,18,40,32,56
2015-05-07,1702,39,52,17,35,19,33
2015-05-09,1703,49,3,35,39,23,26
2015-05-13,1704,11,7,59,51,32,1
2015-05-16,1705,50,37,51,27,29,25
2015-05-20,1706,12,31,34,48,36,56
2015-05-23,1707,36,27,20,7,16,52
2015-05-27,1708,38,50,29,45,17,32
2015-05-30,1709,30,7,47,35,19,42
2015-06-03,1710,59,56,7,28,21,58
2015-06-06,1711,38,22,50,45,26,39
2015-06-10,1712,50,19,59,2,29,12
2015-06-13,1713,3,29,10,16,23,27
2015-06-17,1714,51,2,24,52,36,8
2015-06-20,1715,20,16,35,40,60,53
2015-06-24,1716,25,36,2,53,42,41
2015-06-27,1717,9,58,16,44,2,37
2015-07-01,1718,30,53,4,31,47,32
2015-07-04,1719,44,22,31,54,34,1
2015-07-07,1720,49,39,18,31,57,23
2015-07-09,1721,12,33,4,38,36,19
2015-07-11,1722,41,39,9,49,23,58
2015-07-15,1723,27,60,30,14,46,52
2015-07-18,1724,27,39,37,58,60,33
2015-07-22,1725,26,31,30,18,16,34
2015-07-25,1726,42,54,57,3,49,10
2015-07-29,1727,4,6,41,40,19,20
2015-08-01,1728,28,39,8,59,42,3
2015-08-04,1729,53,14,44,7,23,43
2015-08-06,1730,1,24,10,17,42,51
2015-08-08,1731,59,49,43,5,27,18
2015-08-12,1732,25,60,34,53,45,38
2015-08-15,1733,5,9,41,14,3,46
2015-08-19,1734,52,29,17,41,12,25
2015-08-22,1735,46,16,33,45,34,6
2015-08-26,1736,13,32,12,41,24,29
2015-08-29,1737,59,5,51,42,50,8
2015-09-02,1738,53,46,28,48,37,12
2015-09-05,1739,34,17,9,46,10,32
2015-09-09,1740,38,15,47,25,10,53
2015-09-12,1741,49,18,20,32,15,48
2015-09-16,1742,23,27,21,19,52,11
2015-09-19,1743,34,31,29,4,10,35
2015-09-23,1744,12,9,56,29,14,42
2015-09-26,1745,13,47,60,18,52,9
2015-09-30,1746,37,40,6,58,41,18
2015-10-03,1747,53,34,59,33,48,6
2015-10-07,1748,2,53,13,49,10,41
2015-10-10,1749,33,13,14,3,43,29
2015-10-13,1750,17,41,48,15,20,31
2015-10-15,1751,42,22,51,23,57,15
2015-10-17,1752,36,53,55,37,60,9
2015-10-21,1753,54,8,45,29,35,15
2015-10-24,1754,20,31,40,30,27,53
2015-10-28,1755,48,5,30,18,8,2
2015-10-31,1756,28,13,6,14,45,35
2015-11-04,1757,43,13,28,56,37,25
2015-11-07,1758,6,23,16,11,42,36
2015-11-10,1759,2,14,21,60,22,51
2015-11-13,1760,25,10,24,47,48,36
2015-11-14,1761,53,36,10,9,50,55
2015-11-18,1762,45,59,42,55,32,26
2015-11-21,1763,21,9,15,36,12,31
2015-11-25,1764,6,7,41,39,29,55
2015-11-28,1765,1,28,56,37,6,58
2015-12-02,1766,60,23,22,46,53,41
2015-12-05,1767,44,26,39,35,16,45
2015-12-09,1768,35,11,7,50,34,5
2015-12-12,1769,32,44,54,60,47,37
2015-12-16,1770,34,30,41,11,27,26
2015-12-19,1771,38,2,27,28,32,20
2015-12-22,1772,27,39,19,41,12,45
2015-12-24,1773,45,41,39,30,15,59
2015-12-26,1774,1,52,30,60,20,12
2015-12-31,1775,31,2,51,42,18,56
2016-01-02,1776,39,11,48,14,19,10
2016-01-06,1777,55,4,44,38,19,52
2016-01-09,1778,4,38,48,10,45,40
2016-01-12,1779,25,56,30,12,39,57
2016-01-14,1780,20,6,33,22,31,34
2016-01-16,1781,22,8,52,1,53,49
2016-01-20,1782,34,57,47,18,6,52
2016-01-23,1783,38,16,21,4,18,6
2016-01-27,1784,30,15,54,55,26,4
2016-01-30,1785,27,5,42,54,41,11
2016-02-02,1786,34,8,2,21,25,6
2016-02-04,1787,1,29,13,25,5,26
2016-02-06,1788,42,45,56,13,3,59
2016-02-10,1789,57,59,6,25,43,58
2016-02-13,1790,28,13,11,26,50,27
2016-02-17,1791,55,12,50,18,53,46
2016-02-20,1792,47,41,18,17,2,16
2016-02-24,1793,56,13,22,54,14,58
2016-02-27,1794,1,5,37,60,34,40
2016-03-02,1795,55,50,42,58,47,30
2016-03-05,1796,54,22,48,34,23,53
2016-03-08,1797,2,57,35,13,54,14
2016-03-10,1798,9,28,45,2,23,53
2016-03-12,1799,53,1,3,4,51,39
2016-03-16,1800,31,56,16,6,11,19
2016-03-19,1801,19,45,43,6,54,34
2016-03-23,1802,6,14,2,17,44,13
2016-03-26,1803,4,29,8,49,38,50
2016-03-30,1804,20,50,48,59,28,21
2016-04-02,1805,17,49,27,22,57,31
2016-04-06,1806,11,42,55,58,35,20
2016-04-09,1807,43,15,22,1,16,25
2016-04-13,1808,20,25,45,2,41,14
2016-04-16,1809,23,12,54,46,9,24
2016-04-20,1810,56,10,43,50,1,25
2016-04-23,1811,32,37,5,35,17,57
2016-04-27,1812,45,34,23,20,37,32
2016-04-30,1813,51,9,13,15,19,11
2016-05-03,1814,53,51,27,11,46,9
2016-05-05,1815,60,8,25,39,41,11
2016-05-07,1816,12,10,46,28,22,5
2016-05-11,1817,47,1,26,55,39,4
2016-05-14,1818,10,53,15,2,6,56
2016-05-18,1819,37,26,18,30,33,17
2016-05-21,1820,27,19,23,3,45,40
2016-05-25,1821,53,31,19,52,36,22
2016-05-28,1822,22,53,26,1,43,50
2016-06-01,1823,54,34,59,21,9,4
2016-06-04,1824,19,30,60,12,6,5
2016-06-07,1825,21,54,10,50,51,11
2016-06-09,1826,43,48,32,19,17,51
2016-06-11,1827,43,33,53,26,54,42
2016-06-15,1828,40,32,11,6,59,48
2016-06-18,1829,53,32,30,7,24,13
2016-06-22,1830,29,3,54,7,37,60
2016-06-25,1831,55,15,48,32,28,27
2016-06-29,1832,34,47,57,56,14,46
2016-07-02,1833,2,42,3,27,16,7
2016-07-06,1834,2,22,51,24,48,17
2016-07-09,1835,50,36,8,28,47,58
2016-07-12,1836,59,18,45,60,8,15
2016-07-14,1837,41,48,57,50,44,54
2016-07-16,1838,59,24,30,8,57,5
2016-07-20,1839,28,32,22,56,58,7
2016-07-23,1840,33,41,48,15,17,47
2016-07-27,1841,6,51,13,38,49,3
2016-07-30,1842,18,43,22,24,16,34
2016-08-03,1843,28,26,33,41,8,54
2016-08-06,1844,4,3,37,39,48,50
2016-08-09,1845,9,3,29,13,30,51
2016-08-11,1846,49,26,30,34,24,6
2016-08-13,1847,45,1,57,49,50,6
2016-08-17,1848,58,41,50,40,9,55
2016-08-20,1849,35,27,3,11,44,5
2016-08-24,1850,24,32,23,40,41,38
2016-08-27,1851,35,22,8,37,21,18
2016-08-31,1852,29,13,49,50,45,17
2016-09-03,1853,2,41,39,1,34,45
2016-09-08,1854,59,30,43,31,34,25
2016-09-10,1855,6,38,24,39,15,10
2016-09-14,1856,14,9,2,32,22,37
2016-09-17,1857,53,35,52,25,23,13
2016-09-20,1858,55,30,28,59,33,22
2016-09-22,1859,13,26,1,21,14,51
2016-09-24,1860,10,40,30,44,36,60
2016-09-28,1861,45,9,60,2,35,4
2016-10-01,1862,8,49,35,42,56,2
2016-10-05,1863,23,45,16,58,59,56
2016-10-08,1864,5,4,37,40,60,14
2016-10-13,1865,42,5,32,37,1,31
2016-10-15,1866,14,36,60,38,17,44
2016-10-18,1867,3,43,21,17,22,10
2016-10-20,1868,25,5,31,1,28,23
2016-10-22,1869,11,26,24,52,40,23
2016-10-26,1870,30,40,33,18,20,32
2016-10-29,1871,17,58,33,52,11,3
2016-11-03,1872,39,11,56,46,13,25
2016-11-05,1873,25,5,53,28,41,54
2016-11-08,1874,43,28,10,37,47,44
2016-11-10,1875,53,45,47,1,52,55
2016-11-12,1876,7,18,51,41,44,39
2016-11-16,1877,35,13,32,16,24,23
2016-11-19,1878,56,26,40,16,57,12
2016-11-23,1879,20,58,10,59,57,5
2016-11-26,1880,19,51,56,16,5,37
2016-11-30,1881,30,10,53,44,3,56
2016-12-03,1882,41,35,37,10,19,9
2016-12-07,1883,28,59,16,47,27,60
2016-12-10,1884,38,1,32,4,23,59
2016-12-14,1885,59,7,18,23,32,14
2016-12-17,1886,7,40,54,15,3,45
2016-12-20,1887,23,56,41,46,34,11
2016-12-22,1888,48,1,18,45,17,10
2016-12-24,1889,30,25,23,44,28,16
2016-12-31,1890,5,24,51,22,11,53
2017-01-04,1891,47,1,3,19,23,58
2017-01-07,1892,50,22,6,37,30,17
2017-01-11,1893,17,58,45,19,28,16
2017-01-14,1894,31,35,57,54,21,53
2017-01-18,1895,3,5,2,34,10,15
2017-01-21,1896,25,6,14,21,3,15
2017-01-25,1897,52,9,58,47,22,25
2017-01-28,1898,53,12,58,55,34,45
2017-02-01,1899,48,35,44,23,36,20
2017-02-04,1900,46,11,8,43,28,27
2017-02-08,1901,30,53,26,11,37,12
2017-02-11,1902,25,18,2,21,9,7
2017-02-15,1903,9,43,10,15,45,28
2017-02-18,1904,21,18,56,15,51,12
2017-02-21,1905,43,54,29,57,35,56
2017-02-23,1906,27,40,33,6,39,60
2017-02-25,1907,3,48,44,35,25,38
2017-03-01,1908,10,27,57,13,23,4
2017-03-04,1909,47,43,45,40,57,11
2017-03-08,1910,9,6,39,15,22,48
2017-03-11,1911,32,16,33,23,18,30
2017-03-15,1912,42,10,33,36,13,35
2017-03-18,1913,14,56,52,17,4,43
2017-03-22,1914,39,33,29,16,44,42
2017-03-25,1915,57,21,2,33,20,48
2017-03-29,1916,3,50,18,23,9,52
2017-04-01,1917,4,36,25,21,46,33
2017-04-05,1918,22,17,50,38,20,16
2017-04-08,1919,60,28,54,37,45,11
2017-04-12,1920,39,45,31,25,43,33
2017-04-15,1921,19,10,16,15,28,35
2017-04-19,1922,20,41,22,36,43,38
2017-04-22,1923,46,34,59,45,9,42
2017-04-26,1924,16,52,53,58,30,12
2017-04-29,1925,47,43,38,1,17,45
2017-05-03,1926,46,3,2,30,14,20
2017-05-06,1927,11,5,30,31,13,19
2017-05-09,1928,28,51,59,26,53,10
2017-05-11,1929,10,52,23,36,3,43
2017-05-13,1930,17,56,37,52,18,4
2017-05-17,1931,34,8,2,15,9,22
2017-05-20,1932,55,21,16,44,29,10
2017-05-24,1933,15,19,35,59,14,2
2017-05-27,1934,56,39,35,8,23,59
2017-05-31,1935,24,17,10,1,3,23
2017-06-03,1936,51,40,52,24,12,3
2017-06-07,1937,10,29,24,43,6,55
2017-06-10,1938,10,54,42,16,40,32
2017-06-14,1939,39,29,24,52,7,45
2017-06-17,1940,36,16,9,47,13,17
2017-06-21,1941,38,1,9,48,49,24
2017-06-24,1942,48,20,43,18,6,24
2017-06-28,1943,43,11,39,9,30,12
2017-07-01,1944,8,57,47,39,9,59
2017-07-04,1945,8,54,21,10,45,4
2017-07-06,1946,6,39,4,44,52,60
2017-07-08,1947,52,59,55,40,8,33
2017-07-12,1948,28,33,20,24,57,12
2017-07-15,1949,30,1,14,56,22,6
2017-07-19,1950,32,21,10,48,34,57
2017-07-22,1951,55,14,16,21,33,19
2017-07-26,1952,9,21,53,36,52,38
2017-07-29,1953,45,29,42,9,43,26
2017-08-02,1954,40,9,49,25,35,33
2017-08-05,1955,15,41,45,33,36,27
2017-08-08,1956,20,40,28,5,8,45
2017-08-10,1957,23,47,29,2,14,22
2017-08-12,1958,55,34,22,20,24,15
2017-08-16,1959,56,43,21,8,27,35
2017-08-19,1960,43,39,18,25,37,1
2017-08-23,1961,50,30,25,17,32,26
2017-08-26,1962,39,5,6,53,15,25
2017-08-30,1963,34,60,5,4,7,42
2017-09-02,1964,32,27,48,36,2,50
2017-09-06,1965,28,26,55,38,48,35
2017-09-09,1966,19,10,32,60,13,40
2017-09-13,1967,32,39,13,54,30,46
2017-09-16,1968,35,48,44,39,36,52
2017-09-19,1969,30,59,20,32,8,48
2017-09-21,1970,10,18,24,5,39,52
2017-09-23,1971,54,10,52,41,44,4
2017-09-27,1972,20,9,59,54,16,57
2017-09-30,1973,17,16,60,12,52,1
2017-10-04,1974,19,57,38,54,4,27
2017-10-07,1975,8,24,47,26,11,57
2017-10-11,1976,52,14,19,12,59,25
2017-10-14,1977,28,3,32,34,37,16
2017-10-17,1978,6,2,57,22,55,44
2017-10-19,1979,38,23,45,32,29,22
2017-10-21,1980,18,16,12,34,37,17
2017-10-25,1981,15,6,39,19,37,53
2017-10-28,1982,46,24,20,4,50,14
2017-11-01,1983,14,22,6,5,10,36
2017-11-04,1984,43,32,21,50,35,29
2017-11-07,1985,9,36,29,28,34,55
2017-11-09,1986,55,23,44,43,36,56
2017-11-11,1987,10,58,14,45,31,34
2017-11-16,1988,5,39,10,54,46,42
2017-11-18,1989,40,58,30,32,15,22
2017-11-22,1990,37,26,11,24,59,34
2017-11-25,1991,19,34,44,36,20,28
2017-11-29,1992,21,11,13,53,54,5
2017-12-02,1993,50,57,48,17,6,33
2017-12-06,1994,44,5,32,2,12,40
2017-12-09,1995,14,37,39,26,35,29
2017-12-13,1996,56,21,20,7,40,24
2017-12-16,1997,14,7,35,1,31,46
2017-12-19,1998,57,21,24,52,25,8
2017-12-21,1999,42,38,49,15,50,37
2017-12-31,2000,6,37,34,10,3,17
2018-01-03,2001,22,20,52,60,42,36
2018-01-06,2002,59,46,28,38,4,30
2018-01-10,2003,40,50,43,28,51,34
2018-01-13,2004,45,35,1,23,5,14
2018-01-17,2005,22,19,33,11,53,34
2018-01-20,2006,20,9,1,14,54,25
2018-01-24,2007,41,14,54,4,39,58
2018-01-27,2008,27,22,58,33,59,42
2018-01-31,2009,1,48,50,44,37,46
2018-02-03,2010,18,56,8,34,39,10
2018-02-06,2011,28,35,58,54,2,32
2018-02-08,2012,11,51,36,8,35,27
2018-02-10,2013,6,36,53,30,56,23
2018-02-14,2014,46,32,16,56,40,53
2018-02-17,2015,18,58,32,39,27,17
2018-02-21,2016,11,17,48,18,4,21
2018-02-24,2017,56,10,11,2,38,24
2018-02-28,2018,55,11,27,22,25,59
2018-03-03,2019,41,46,54,59,23,52
2018-03-07,2020,2,46,57,60,48,36
2018-03-10,2021,32,37,40,60,7,14
2018-03-14,2022,28,60,52,45,4,48
2018-03-17,2023,23,56,8,7,1,6
2018-03-21,2024,29,16,20,35,47,23
2018-03-24,2025,52,56,4,24,46,55
2018-03-28,2026,51,33,23,52,31,10
2018-03-31,2027,11,15,39,37,29,44
2018-04-04,2028,7,42,58,36,24,11
2018-04-07,2029,15,37,18,33,40,6
2018-04-11,2030,38,4,58,40,27,59
2018-04-14,2031,23,39,18,55,50,37
2018-04-17,2032,19,39,20,53,14,6
2018-04-20,2033,40,10,18,33,38,43
2018-04-25,2034,7,56,22,13,6,17
2018-04-28,2035,52,35,49,30,38,36
2018-05-02,2036,23,58,8,19,27,7
2018-05-05,2037,60,30,14,45,23,16
2018-05-08,2038,26,35,40,25,6,38
2018-05-10,2039,28,22,6,31,44,12
2018-05-12,2040,56,58,54,6,41,9
2018-05-16,2041,10,12,54,42,22,25
2018-05-19,2042,33,32,22,29,35,14
2018-05-23,2043,53,58,21,38,57,56
2018-05-26,2044,14,7,60,54,47,56
2018-05-30,2045,27,46,15,25,50,45
2018-06-02,2046,27,11,6,28,46,3
2018-06-06,2047,18,19,44,54,1,29
2018-06-09,2048,10,39,38,35,26,19
2018-06-13,2049,19,10,27,31,51,53
2018-06-16,2050,33,50,38,32,8,31
2018-06-20,2051,37,5,44,1,53,6
2018-06-23,2052,57,50,56,51,58,59
2018-06-27,2053,12,27,40,37,22,55
2018-06-30,2054,39,4,7,12,26,22
2018-07-03,2055,53,43,46,25,35,6
2018-07-05,2056,29,47,22,36,34,18
2018-07-07,2057,37,38,20,13,10,54
2018-07-11,2058,19,4,23,29,59,56
2018-07-14,2059,5,4,36,56,40,44
2018-07-18,2060,11,39,41,9,25,8
2018-07-21,2061,33,45,44,40,36,54
2018-07-25,2062,8,15,34,25,10,23
2018-07-28,2063,10,19,29,24,6,25
2018-08-01,2064,55,53,14,10,36,60
2018-08-04,2065,4,11,43,20,30,37
2018-08-08,2066,27,55,35,6,25,45
2018-08-11,2067,59,2,11,32,26,13
2018-08-14,2068,5,47,40,9,42,3
2018-08-16,2069,40,3,48,17,34,35
2018-08-18,2070,5,26,42,27,48,34
2018-08-22,2071,35,46,34,60,24,33
2018-08-25,2072,22,13,10,20,12,54
2018-08-29,2073,55,12,15,30,52,18
2018-09-01,2074,42,8,18,37,58,23
2018-09-05,2075,59,23,33,57,9,7
2018-09-08,2076,6,15,43,5,12,22
2018-09-12,2077,37,13,16,26,39,35
2018-09-15,2078,30,36,2,11,39,15
2018-09-18,2079,55,37,58,14,2,1
2018-09-20,2080,58,55,46,22,40,10
2018-09-22,2081,40,42,13,18,35,41
2018-09-26,2082,25,33,42,49,6,48
2018-09-29,2083,56,33,1,19,18,60
2018-10-03,2084,20,37,26,7,39,38
2018-10-06,2085,25,49,12,21,38,37
2018-10-10,2086,4,53,35,43,47,46
2018-10-13,2087,19,18,53,34,2,23
2018-10-17,2088,24,3,27,38,14,56
2018-10-20,2089,38,48,5,49,10,32
2018-10-23,2090,11,8,18,40,37,51
2018-10-25,2091,12,11,10,59,38,37
2018-10-27,2092,13,17,27,11,15,22
2018-10-31,2093,54,34,52,8,14,27
2018-11-03,2094,4,33,16,44,19,31
2018-11-07,2095,49,29,56,43,35,16
2018-11-10,2096,11,51,6,24,13,19
2018-11-14,2097,51,28,24,49,9,45
2018-11-17,2098,2,38,27,60,18,8
2018-11-21,2099,30,15,5,58,20,27
2018-11-24,2100,1,35,13,11,10,49
2018-11-28,2101,58,56,18,8,2,37
2018-12-01,2102,6,4,17,57,34,51
2018-12-04,2103,13,40,50,46,3,44
2018-12-06,2104,12,45,10,56,2,27
2018-12-08,2105,16,46,13,11,24,31
2018-12-12,2106,27,3,39,40,36,43
2018-12-15,2107,50,44,60,38,56,8
2018-12-18,2108,44,59,29,19,41,22
2018-12-20,2109,4,16,44,49,12,34
2018-12-31,2110,25,33,10,12,18,5
2019-01-02,2111,54,41,1,46,58,44
2019-01-05,2112,17,46,43,53,52,39
2019-01-09,2113,11,21,46,14,25,50
2019-01-12,2114,35,17,30,25,42,57
2019-01-15,2115,19,40,35,44,27,4
2019-01-17,2116,21,19,1,9,34,54
2019-01-19,2117,28,43,4,29,52,30
2019-01-23,2118,41,11,12,46,20,40
2019-01-26,2119,42,49,26,31,19,21
2019-01-30,2120,38,41,20,24,25,13
2019-02-02,2121,37,8,17,29,10,40
2019-02-06,2122,27,21,3,11,15,49
2019-02-09,2123,47,59,14,56,50,15
2019-02-13,2124,31,20,47,43,2,11
2019-02-16,2125,44,1,31,53,46,58
2019-02-20,2126,58,39,27,7,24,12
2019-02-23,2127,7,46,28,30,44,1
2019-02-26,2128,24,55,46,16,11,54
2019-02-28,2129,60,46,12,6,32,31
2019-03-02,2130,13,53,16,36,55,54
2019-03-06,2131,28,18,20,6,2,3
2019-03-09,2132,5,60,18,39,35,30
2019-03-13,2133,26,20,19,51,52,57
2019-03-16,2134,54,6,46,21,59,34
2019-03-20,2135,23,48,59,28,40,9
2019-03-23,2136,35,22,11,1,30,8
2019-03-27,2137,2,1,49,11,12,34
2019-03-30,2138,30,34,4,21,13,14
2019-04-03,2139,58,29,23,41,14,57
2019-04-06,2140,20,54,36,17,42,26
2019-04-10,2141,10,19,11,37,41,17
2019-04-13,2142,44,50,52,57,7,40
2019-04-17,2143,12,58,35,51,2,57
2019-04-20,2144,21,33,55,16,7,60
2019-04-24,2145,6,59,28,8,51,53
2019-04-27,2146,39,42,16,18,44,31
2019-05-02,2147,49,42,17,19,37,41
2019-05-04,2148,59,33,8,58,32,15
2019-05-08,2149,21,48,46,23,44,37
2019-05-11,2150,38,24,23,26,42,49
2019-05-15,2151,36,38,2,29,14,18
2019-05-18,2152,49,36,29,26,59,50
2019-05-22,2153,13,28,31,8,33,32
2019-05-25,2154,53,41,47,50,7,25
2019-05-29,2155,37,44,2,27,6,47
2019-06-01,2156,49,39,23,6,26,1
2019-06-05,2157,34,48,31,39,33,35
2019-06-08,2158,9,27,46,59,35,45
2019-06-12,2159,53,35,38,14,45,26
2019-06-15,2160,53,49,1,46,47,19
2019-06-19,2161,24,10,8,44,9,42
2019-06-22,2162,11,30,42,34,16,22
2019-06-26,2163,45,20,24,36,18,8
2019-06-29,2164,48,17,58,47,16,25
2019-07-03,2165,56,49,54,43,5,37
2019-07-06,2166,44,3,34,56,19,58
2019-07-09,2167,37,45,38,43,54,27
2019-07-11,2168,37,25,29,4,1,27
2019-07-13,2169,45,7,34,59,51,54
2019-07-17,2170,36,21,51,10,24,38
2019-07-20,2171,19,12,13,36,55,44
2019-07-24,2172,9,57,43,37,28,24
2019-07-27,2173,9,48,44,42,2,50
2019-07-31,2174,36,10,34,15,60,56
2019-08-03,2175,55,53,7,32,43,25
2019-08-06,2176,23,8,25,43,39,44
2019-08-08,2177,14,9,48,11,31,51
2019-08-10,2178,16,21,42,2,50,56
2019-08-14,2179,24,2,35,54,50,13
2019-08-17,2180,16,12,10,21,28,38
2019-08-21,2181,8,1,19,48,36,33
2019-08-24,2182,59,47,46,19,39,22
2019-08-28,2183,51,13,43,30,34,26
2019-08-31,2184,51,15,52,36,59,45
2019-09-04,2185,19,42,18,47,22,9
2019-09-09,2186,27,19,12,41,18,46
2019-09-11,2187,16,21,50,10,46,11
2019-09-14,2188,60,51,21,28,2,17
2019-09-18,2189,33,29,11,4,16,22
2019-09-21,2190,53,35,25,9,5,20
2019-09-24,2191,33,46,26,4,53,8
2019-09-26,2192,57,53,7,59,16,37
2019-09-28,2193,8,7,42,27,29,22
2019-10-02,2194,16,8,20,21,34,31
2019-10-05,2195,24,32,38,53,46,14
2019-10-09,2196,56,28,27,1,41,25
2019-10-14,2197,29,11,3,35,44,57
2019-10-16,2198,56,11,34,44,36,1
2019-10-19,2199,38,23,30,44,35,15
2019-10-22,2200,28,55,36,43,11,15
2019-10-24,2201,13,49,3,41,53,23
2019-10-26,2202,43,60,37,38,29,11
2019-10-30,2203,34,46,57,50,17,49
2019-11-04,2204,32,56,29,28,1,35
2019-11-06,2205,21,42,12,57,37,28
2019-11-09,2206,42,38,45,6,27,57
2019-11-13,2207,43,11,6,55,53,10
2019-11-16,2208,30,45,16,49,25,40
2019-11-20,2209,32,22,47,28,33,25
2019-11-23,2210,11,33,34,25,24,17
2019-11-27,2211,27,44,36,54,41,40
2019-11-30,2212,51,58,53,52,26,23
2019-12-04,2213,7,5,10,60,32,46
2019-12-07,2214,18,30,4,10,34,47
2019-12-11,2215,21,23,43,1,19,33
2019-12-14,2216,24,42,48,10,43,49
2019-12-17,2217,16,32,36,30,14,10
2019-12-19,2218,16,6,38,22,52,48
2019-12-21,2219,57,59,45,8,28,36
2019-12-31,2220,38,58,35,3,40,57
2020-01-04,2221,23,34,45,57,5,56
2020-01-08,2222,14,48,30,29,59,13
2020-01-11,2223,49,26,2,56,40,42
2020-01-15,2224,23,50,58,32,52,16
2020-01-18,2225,1,37,47,44,46,32
2020-01-21,2226,2,7,38,30,4,16
2020-01-23,2227,9,6,27,32,12,57
2020-01-25,2228,19,45,39,9,23,32
2020-01-29,2229,6,41,40,29,58,11
2020-02-01,2230,39,17,56,60,26,7
2020-02-05,2231,4,13,53,40,25,57
2020-02-08,2232,31,34,38,47,7,8
2020-02-12,2233,45,35,6,41,4,32
2020-02-15,2234,47,29,42,4,27,21
2020-02-19,2235,14,55,35,30,18,57
2020-02-22,2236,7,53,43,20,45,38
2020-02-27,2237,60,27,28,20,53,11
2020-02-29,2238,57,36,11,58,55,45
2020-03-04,2239,27,39,7,31,46,45
2020-03-07,2240,25,9,7,10,58,19
2020-03-10,2241,56,18,26,13,1,40
2020-03-12,2242,24,42,18,5,25,9
2020-03-14,2243,14,38,28,18,35,54
2020-03-18,2244,11,5,42,3,34,37
2020-03-21,2245,33,11,14,34,15,18
2020-03-25,2246,9,33,46,24,27,5
2020-03-28,2247,42,53,47,1,44,48
2020-04-01,2248,20,9,42,29,30,15
2020-04-04,2249,4,49,9,31,47,53
2020-04-08,2250,39,52,27,57,58,33
2020-04-11,2251,58,22,26,15,54,5
2020-04-15,2252,46,50,1,17,37,30
2020-04-18,2253,32,39,55,33,52,31
2020-04-22,2254,47,4,24,44,56,9
2020-04-25,2255,20,15,57,49,39,41
2020-04-29,2256,9,37,30,10,54,47
2020-05-02,2257,18,30,21,31,34,51
2020-05-05,2258,26,7,1,23,14,5
2020-05-07,2259,54,56,58,20,27,41
2020-05-09,2260,37,12,14,34,35,47
2020-05-13,2261,23,26,51,27,29,7
2020-05-16,2262,7,30,46,23,8,14
2020-05-20,2263,43,49,57,33,9,24
2020-05-23,2264,29,19,8,2,37,3
2020-05-27,2265,50,20,46,23,14,39
2020-05-30,2266,23,37,59,10,58,31
2020-06-03,2267,48,49,53,20,32,33
2020-06-06,2268,4,30,52,23,13,28
2020-06-10,2269,55,14,23,29,11,1
2020-06-13,2270,41,16,48,14,38,39
2020-06-17,2271,6,10,41,52,27,28
2020-06-20,2272,5,41,11,49,24,2
2020-06-24,2273,58,15,20,16,38,40
2020-06-27,2274,8,55,40,11,33,17
2020-07-01,2275,25,50,2,53,4,36
2020-07-04,2276,49,27,5,18,57,15
2020-07-08,2277,23,10,53,60,22,37
2020-07-11,2278,34,17,37,43,8,45
2020-07-14,2279,28,12,20,5,27,14
2020-07-16,2280,50,28,58,29,59,31
2020-07-18,2281,35,40,14,55,50,27
2020-07-22,2282,30,52,12,27,36,45
2020-07-25,2283,24,4,37,43,59,60
2020-07-29,2284,46,36,12,10,4,14
2020-08-01,2285,12,10,33,7,42,1
2020-08-05,2286,42,43,41,9,21,30
2020-08-08,2287,29,4,2,41,6,56
2020-08-11,2288,35,39,2,26,56,40
2020-08-13,2289,6,34,37,38,45,9
2020-08-15,2290,60,36,5,57,44,18
2020-08-19,2291,37,31,26,12,36,49
2020-08-22,2292,18,57,6,33,42,16
2020-08-26,2293,1,48,42,10,2,37
2020-08-29,2294,9,43,20,41,33,15
2020-09-02,2295,28,6,41,26,35,13
2020-09-05,2296,29,6,36,59,21,1
2020-09-09,2297,20,22,41,59,35,40
2020-09-12,2298,13,21,49,41,17,31
2020-09-15,2299,3,40,19,60,2,44
2020-09-17,2300,37,39,21,9,54,43
2020-09-19,2301,18,36,47,52,35,17
2020-09-23,2302,44,43,25,18,27,22
2020-09-26,2303,17,50,48,20,3,7
2020-09-30,2304,12,54,57,21,29,56
2020-10-03,2305,57,55,38,7,16,22
2020-10-07,2306,28,58,19,3,57,33
2020-10-10,2307,38,53,46,55,33,16
2020-10-14,2308,26,9,58,38,60,13
2020-10-17,2309,33,60,11,29,9,30
2020-10-20,2310,13,42,17,28,53,29
2020-10-22,2311,60,9,35,43,5,3
2020-10-24,2312,60,39,3,46,47,27
2020-10-28,2313,45,3,58,26,20,49
2020-10-31,2314,28,6,7,42,45,49
2020-11-04,2315,10,17,1,26,30,53
2020-11-07,2316,49,11,56,43,52,2
2020-11-11,2317,35,48,30,33,3,8
2020-11-14,2318,54,58,52,28,44,60
2020-11-18,2319,17,25,6,35,49,40
2020-11-21,2320,30,6,35,48,39,42
2020-11-25,2321,41,43,25,28,14,46
2020-11-28,2322,5,10,2,29,34,41
2020-12-02,2323,35,27,39,20,50,59
2020-12-05,2324,31,2,43,19,60,16
2020-12-08,2325,33,37,60,34,46,52
2020-12-10,2326,27,36,34,16,57,10
2020-12-12,2327,54,45,30,57,37,58
2020-12-16,2328,11,8,39,14,48,53
2020-12-19,2329,42,28,45,14,12,55
2020-12-31,2330,22,35,17,41,20,42
2021-01-02,2331,53,16,11,57,13,36
2021-01-06,2332,12,33,44,52,35,36
2021-01-09,2333,41,53,55,9,16,31
2021-01-13,2334,22,4,20,25,13,60
2021-01-16,2335,18,42,49,47,9,23
2021-01-20,2336,20,27,50,8,10,28
2021-01-23,2337,2,51,49,9,34,55
2021-01-26,2338,21,8,34,47,42,23
2021-01-28,2339,4,48,59,29,47,18
2021-01-30,2340,49,41,16,51,28,21
2021-02-03,2341,9,46,4,32,31,42
2021-02-06,2342,20,24,17,27,40,60
2021-02-10,2343,56,49,31,4,45,42
2021-02-13,2344,38,11,52,57,17,25
2021-02-17,2345,16,22,7,55,19,28
2021-02-20,2346,4,58,3,40,11,42
2021-02-24,2347,17,58,9,60,30,8
2021-02-27,2348,2,3,51,48,54,7
2021-03-03,2349,54,25,5,10,49,32
2021-03-06,2350,45,28,34,29,25,41
2021-03-10,2351,35,49,19,22,47,41
2021-03-13,2352,17,55,9,41,38,49
2021-03-17,2353,19,3,34,53,48,41
2021-03-20,2354,18,54,25,6,30,42
2021-03-24,2355,31,7,30,41,56,50
2021-03-27,2356,51,36,3,58,10,25
2021-03-31,2357,28,34,51,19,40,30
2021-04-03,2358,5,43,16,11,9,57
2021-04-06,2359,39,42,43,51,31,32
2021-04-08,2360,15,21,24,45,29,10
2021-04-10,2361,46,21,35,29,14,22
2021-04-14,2362,35,22,32,20,50,3
2021-04-17,2363,34,6,58,39,14,24
2021-04-22,2364,42,56,33,20,51,44
2021-04-24,2365,44,50,17,28,37,1
2021-04-28,2366,33,41,38,27,4,35
2021-04-30,2367,29,5,23,34,53,60
2021-05-04,2368,13,7,36,25,58,4
2021-05-06,2369,60,9,19,4,17,37
2021-05-08,2370,56,31,37,7,44,42
2021-05-12,2371,30,48,36,4,39,15
2021-05-15,2372,19,25,44,46,3,57
2021-05-19,2373,44,26,23,49,60,24
2021-05-22,2374,25,37,39,13,41,12
2021-05-26,2375,58,6,46,53,44,2
2021-05-29,2376,22,12,17,18,19,14
2021-06-02,2377,35,5,44,18,43,29
2021-06-05,2378,37,49,41,54,11,38
2021-06-09,2379,26,32,56,2,8,46
2021-06-12,2380,53,39,11,16,20,24
2021-06-16,2381,47,41,32,7,23,42
2021-06-19,2382,53,6,19,9,38,55
2021-06-23,2383,41,16,40,20,15,13
2021-06-26,2384,25,26,9,13,22,31
2021-06-29,2385,32,12,43,37,24,60
2021-07-01,2386,35,13,11,50,49,16
2021-07-03,2387,38,26,30,8,31,48
2021-07-07,2388,8,37,45,48,33,30
2021-07-10,2389,39,30,16,51,37,40
2021-07-14,2390,20,13,9,56,32,22
2021-07-17,2391,5,8,13,27,50,36
2021-07-21,2392,53,34,25,15,23,11
2021-07-24,2393,32,28,38,51,27,26
2021-07-28,2394,42,44,5,25,36,16
2021-07-31,2395,44,11,4,45,57,12
2021-08-04,2396,3,25,2,49,42,39
2021-08-07,2397,6,14,48,46,20,39
2021-08-10,2398,36,59,17,30,8,54
2021-08-12,2399,52,42,35,27,51,44
2021-08-14,2400,9,26,36,25,21,53
2021-08-18,2401,8,38,13,33,11,48
2021-08-21,2402,60,29,6,30,25,22
2021-08-25,2403,32,12,14,34,33,10
2021-08-28,2404,19,35,1,40,47,54
2021-09-01,2405,21,38,59,53,49,48
2021-09-04,2406,29,43,12,8,54,60
2021-09-08,2407,17,43,31,13,55,54
2021-09-11,2408,29,38,57,4,30,43
2021-09-15,2409,58,39,49,2,52,29
2021-09-18,2410,10,59,35,43,7,27
2021-09-22,2411,7,26,43,44,34,29
2021-09-25,2412,16,60,36,34,9,49
2021-09-28,2413,48,37,22,3,40,41
2021-09-30,2414,4,14,29,6,5,38
2021-10-02,2415,29,12,60,26,35,10
2021-10-06,2416,6,37,57,26,11,7
2021-10-09,2417,3,11,27,46,7,10
2021-10-13,2418,19,57,27,11,60,2
2021-10-16,2419,10,53,43,48,35,50
2021-10-19,2420,8,44,60,5,39,29
2021-10-21,2421,32,48,35,57,2,3
2021-10-23,2422,7,30,2,46,10,20
2021-10-27,2423,51,18,48,60,38,16
2021-10-30,2424,17,3,38,53,16,37
2021-11-03,2425,46,38,31,10,54,49
2021-11-06,2426,57,27,24,11,32,5
2021-11-10,2427,56,3,19,25,37,44
2021-11-13,2428,25,3,28,29,9,39
2021-11-17,2429,60,11,56,37,53,55
2021-11-20,2430,26,19,46,56,45,39
2021-11-24,2431,11,36,26,25,8,22
2021-11-27,2432,52,44,29,38,7,40
2021-12-01,2433,8,53,9,57,32,52
2021-12-04,2434,28,14,40,2,51,1
2021-12-07,2435,32,30,36,33,22,5
2021-12-09,2436,38,54,32,15,5,28
2021-12-11,2437,41,19,55,1,46,48
2021-12-15,2438,37,11,55,25,4,19
2021-12-18,2439,47,38,2,34,51,8
2021-12-31,2440,46,32,15,12,23,33
2022-01-05,2441,42,9,41,54,46,47
2022-01-08,2442,49,9,7,2,41,25
2022-01-12,2443,31,1,12,13,5,17
2022-01-15,2444,17,43,20,35,37,15
2022-01-19,2445,25,32,47,11,37,56
2022-01-22,2446,13,58,51,27,1,41
2022-01-25,2447,52,13,19,42,49,29
2022-01-27,2448,32,48,30,40,35,18
2022-01-29,2449,14,49,52,31,20,21
2022-02-02,2450,17,39,11,6,15,2
2022-02-05,2451,13,51,26,60,31,46
2022-02-09,2452,56,57,8,10,51,58
