data,concurso,time,dezena_1,dezena_2,dezena_3,dezena_4,dezena_5,dezena_6,dezena_7
2008-03-01,1,PALMAS/TO,24,31,51,57,63,71,80
2008-03-08,2,SÃO PAULO/SP,18,20,25,31,50,63,77
2008-03-15,3,NÁUTICO/PE,9,21,29,36,43,72,74
2008-03-22,4,SÃO RAIMUNDO/AM,15,38,54,66,68,70,71
2008-03-29,5,MIXTO/MT,15,20,23,24,51,54,58
2008-04-05,6,RIO BRANCO/AC,1,8,17,55,59,60,80
2008-04-13,7,UBERLÂNDIA/MG,15,18,29,37,42,55,77
2008-04-20,8,ATLÉTICO/MG,48,50,61,71,74,75,76
2008-04-27,9,PALMAS/TO,5,24,37,56,58,69,78
2008-05-04,10,JI-PARANÁ / RO,1,14,23,37,53,59,74
2008-05-10,11,PAULISTA/SP,3,11,12,37,50,71,75
2008-05-17,12,AMÉRICA/RN,2,13,15,24,39,56,73
2008-05-24,13,UNIÃO BARBARENSE/SP,6,28,32,37,73,75,79
2008-05-31,14,BRASILIENSE/DF,15,19,32,51,57,60,68
2008-06-08,15,VILA NOVA/GO,3,9,20,21,25,58,64
2008-06-15,16,FORTALEZA/CE,5,38,42,52,55,57,59
2008-06-22,17,FIGUEIRENSE/SC,10,12,20,23,30,50,53
2008-06-29,18,PORTUGUESA DESPORTOS/SP,9,15,26,33,54,63,70
2008-07-06,19,CSA/AL,26,38,44,49,55,60,75
2008-07-13,20,FIGUEIRENSE/SC,19,28,37,39,53,64,73
2008-07-20,21,FLUMINENSE/RJ,1,15,46,59,65,75,80
2008-07-27,22,LONDRINA/PR,4,7,21,52,55,60,78
2008-08-03,23,GAMA/DF,12,16,17,20,23,60,62
2008-08-10,24,PARANÁ/PR,4,59,61,62,72,78,80
2008-08-17,25,YPIRANGA/AP,4,23,44,47,49,51,75
2008-08-24,26,ATLÉTICO/MG,7,14,22,48,54,70,74
2008-08-31,27,GRÊMIO/RS,4,8,20,31,48,54,55
2008-09-07,28,SANTOS/SP,15,24,26,55,66,72,78
2008-09-14,29,RIO BRANCO/AC,4,8,25,34,49,52,68
2008-09-21,30,AMÉRICA/RN,1,9,19,20,33,44,69
2008-09-28,31,BAHIA/BA,1,12,46,52,63,70,74
2008-10-05,32,VITÓRIA/BA,2,19,23,25,41,45,54
2008-10-11,33,SÃO RAIMUNDO/AM,13,29,30,35,62,78,79
2008-10-19,34,VASCO DA GAMA/RJ,28,29,34,48,56,57,60
2008-10-26,35,FORTALEZA/CE,16,20,25,50,70,75,77
2008-11-01,36,MIXTO/MT,10,20,42,54,58,59,72
2008-11-09,37,SÃO RAIMUNDO/AM,6,8,12,19,37,51,55
2008-11-16,38,GOIÁS/GO,8,21,30,35,49,69,71
2008-11-23,39,RIO BRANCO/ES,13,28,31,41,52,61,80
2008-11-30,40,FIGUEIRENSE/SC,9,35,36,45,54,64,76
2008-12-07,41,BANGU/RJ,19,25,37,42,63,75,79
2008-12-14,42,BARUERI/SP,8,19,41,47,50,71,78
2008-12-21,43,FLAMENGO/RJ,10,23,42,52,60,66,73
2008-12-28,44,SANTOS/SP,20,21,27,30,64,66,76
2009-01-04,45,SPORT/PE,20,26,28,34,55,71,76
2009-01-10,46,UBERLÂNDIA/MG,8,16,36,57,60,69,75
2009-01-18,47,XV NOV. PIRACICABA/SP,25,27,29,46,64,73,79
2009-01-24,48,ATLÉTICO/MG,16,20,33,52,59,65,80
2009-02-01,49,CEARÁ/CE,12,17,20,27,36,38,69
2009-02-08,50,VILA NOVA/GO,5,20,23,24,56,72,77
2009-02-15,51,MARÍLIA/SP,15,27,28,30,43,52,67
2009-02-22,52,RIO BRANCO/ES,1,29,38,42,53,55,71
2009-02-28,53,GAMA/DF,1,13,16,44,60,66,71
2009-03-07,54,FLAMENGO/RJ,8,18,20,38,40,48,71
2009-03-15,55,ATLÉTICO/GO,14,26,37,43,60,69,77
2009-03-21,56,IPATINGA/MG,14,18,44,45,60,61,76
2009-03-29,57,BOTAFOGO/RJ,12,23,31,41,56,61,67
2009-04-04,58,JUVENTUDE/RS,4,9,30,32,38,47,71
2009-04-11,59,SPORT/PE,2,9,27,30,38,61,72
2009-04-18,60,RIO BRANCO/ES,23,24,39,53,54,55,69
2009-04-25,61,JUVENTUDE/RS,4,14,41,42,50,64,70
2009-05-02,62,INTERNACIONAL/RS,16,19,33,59,69,70,80
2009-05-09,63,AMÉRICA/MG,13,17,29,45,48,56,62
2009-05-16,64,SERGIPE/SE,40,44,51,56,64,71,77
2009-05-23,65,CORITIBA/PR,11,14,28,36,59,72,79
2009-05-30,66,UBERLÂNDIA/MG,4,16,17,24,31,59,71
2009-06-06,67,ATLÉTICO/GO,13,20,21,32,70,74,79
2009-06-13,68,REMO/PA,4,13,24,41,49,52,80
2009-06-20,69,TUNA LUSO/PA,5,8,10,38,55,71,78
2009-06-27,70,MARÍLIA/SP,6,8,18,19,45,46,73
2009-07-04,71,PAYSANDU/PA,3,8,9,27,28,52,78
2009-07-11,72,PORTUGUESA DESPORTOS/SP,1,6,21,26,36,40,55
2009-07-18,73,TREZE/PB,3,7,39,42,48,57,75
2009-07-25,74,AMÉRICA/RJ,3,20,25,31,40,51,60
2009-08-01,75,RIVER/PI,6,12,22,50,52,59,72
2009-08-08,76,TREZE/PB,25,34,46,51,52,64,76
2009-08-15,77,BANGU/RJ,19,20,23,44,49,57,64
2009-08-22,78,VITÓRIA/BA,22,38,39,44,48,52,56
2009-08-29,79,"NACIONAL/AM",2,8,37,39,46,52,80
2009-09-05,80,CRB/AL,8,15,20,42,43,44,48
2009-09-12,81,AMÉRICA/RJ,6,7,12,15,66,68,80
2009-09-19,82,FIGUEIRENSE/SC,30,42,43,46,57,63,64
2009-09-26,83,RORAIMA/RR,11,25,28,48,52,62,78
2009-10-03,84,SAMPAIO CORRÊA/MA,3,4,7,10,27,34,73
2009-10-10,85,AMÉRICA/MG,9,17,21,36,50,64,67
2009-10-17,86,JUVENTUS/SP,19,23,32,41,55,71,80
2009-10-24,87,VASCO DA GAMA/RJ,11,21,25,34,37,55,72
2009-10-31,88,PALMEIRAS/SP,9,18,19,40,60,65,75
2009-11-07,89,RIVER/PI,4,8,10,41,62,72,73
2009-11-14,90,SÃO PAULO/SP,44,65,68,69,71,73,76
2009-11-21,91,ATLÉTICO/GO,5,12,17,25,52,57,76
2009-11-28,92,YPIRANGA/AP,1,4,9,39,40,56,62
2009-12-05,93,MOTO CLUBE/MA,4,8,17,30,46,47,60
2009-12-12,94,IPATINGA/MG,7,12,34,46,52,56,79
2009-12-19,95,AMÉRICA/RN,13,30,34,36,67,73,74
2009-12-26,96,PORTUGUESA DESPORTOS/SP,4,9,20,32,36,51,80
2010-01-09,97,AMÉRICA/RJ,4,15,38,40,45,60,66
2010-01-16,98,GOIÁS/GO,5,28,35,40,41,50,71
2010-01-23,99,LONDRINA/PR,5,12,28,52,60,63,66
2010-01-30,100,PAYSANDU/PA,14,36,38,58,70,72,74
2010-02-06,101,CEARÁ/CE,1,46,59,60,63,76,80
2010-02-13,102,GAMA/DF,26,28,34,45,48,49,77
2010-02-20,103,RORAIMA/RR,3,7,16,21,42,71,80
2010-02-27,104,UNIÃO SÃO JOÃO/SP,4,58,61,62,66,69,80
2010-03-06,105,MARÍLIA/SP,2,3,10,17,51,52,75
2010-03-13,106,INTER LIMEIRA/SP,11,17,18,19,59,73,75
2010-03-20,107,BAHIA/BA,6,9,13,38,46,58,80
2010-03-27,108,CORINTHIANS/SP,5,20,26,34,38,78,79
2010-04-03,109,SANTOS/SP,8,10,12,15,51,66,68
2010-04-10,110,UNIÃO SÃO JOÃO/SP,3,14,24,41,42,59,63
2010-04-17,111,AMÉRICA/RJ,1,2,8,13,31,67,69
2010-04-24,112,RIVER/PI,5,7,39,50,60,67,70
2010-04-30,113,UNIÃO S.JOÃO/SP,4,17,24,39,69,75,77
2010-05-08,114,PALMEIRAS/SP,17,18,44,60,68,77,79
2010-05-15,115,RIO BRANCO/AC,3,20,35,49,54,55,72
2010-05-22,116,XV NOV. PIRACICABA/SP,4,12,24,34,54,62,65
2010-05-29,117,CRUZEIRO/MG,10,33,40,51,61,76,79
2010-06-05,118,INTERNACIONAL/RS,29,30,42,59,60,66,68
2010-06-12,119,SÃO PAULO/SP,11,19,28,41,44,56,72
2010-06-19,120,BRASILIENSE/DF,1,7,14,44,46,51,73
2010-06-26,121,MARÍLIA/SP,8,31,35,43,47,67,76
2010-07-03,122,RIVER/PI,48,49,52,64,67,69,70
2010-07-10,123,BRAGANTINO/SP,3,17,37,54,56,60,61
2010-07-17,124,BARUERI/SP,1,16,20,43,46,70,71
2010-07-21,125,BARUERI/SP,5,19,25,41,56,69,72
2010-07-24,126,CORITIBA/PR,16,17,23,30,37,64,72
2010-07-28,127,INTERNACIONAL/RS,1,9,19,35,48,78,79
2010-07-31,128,INTER LIMEIRA/SP,8,16,20,27,38,70,78
2010-08-04,129,FORTALEZA/CE,8,10,22,28,55,69,70
2010-08-07,130,ATLÉTICO/GO,12,30,45,51,57,68,76
2010-08-11,131,UNIÃO BARBARENSE/SP,4,11,24,39,40,41,42
2010-08-14,132,INTERNACIONAL/RS,19,26,36,39,66,71,78
2010-08-18,133,FLUMINENSE/RJ,4,14,20,26,52,62,66
2010-08-21,134,"NACIONAL/AM",2,4,49,51,60,75,78
2010-08-25,135,JUVENTUS/SP,8,9,23,49,55,58,62
2010-08-28,136,OPERARIO/MS,3,11,13,22,36,41,52
2010-09-01,137,MIXTO/MT,15,26,32,50,58,70,71
2010-09-04,138,TREZE/PB,17,18,33,34,40,60,71
2010-09-08,139,RIO BRANCO/AC,1,11,27,31,35,44,61
2010-09-11,140,BANGU/RJ,25,26,27,36,47,66,74
2010-09-15,141,CRUZEIRO/MG,21,26,47,55,62,63,72
2010-09-18,142,SANTO ANDRÉ/SP,40,55,61,65,76,79,80
2010-09-22,143,ITUANO/SP,1,4,5,26,60,61,62
2010-09-25,144,SÃO RAIMUNDO/AM,12,31,32,61,70,75,80
2010-09-29,145,ATLÉTICO/GO,2,35,55,65,67,74,75
2010-10-02,146,SANTO ANDRÉ/SP,15,27,43,46,53,56,79
2010-10-06,147,SERGIPE/SE,12,49,61,69,70,76,78
2010-10-09,148,RIO BRANCO/ES,27,30,39,49,70,73,78
2010-10-13,149,SÃO RAIMUNDO/AM,13,15,29,46,61,62,63
2010-10-16,150,RORAIMA/RR,8,10,17,40,61,63,79
2010-10-20,151,JUVENTUDE/RS,1,41,45,47,62,65,79
2010-10-23,152,BOTAFOGO/RJ,2,8,16,20,27,51,65
2010-10-27,153,SÃO  CAETANO/SP,3,10,15,20,46,57,80
2010-10-30,154,PALMAS/TO,1,6,14,19,22,36,52
2010-11-03,155,CSA/AL,21,23,28,48,55,67,71
2010-11-06,156,SANTO ANDRÉ/SP,19,27,49,50,69,70,77
2010-11-10,157,AMERICANO/RJ,26,29,54,63,67,73,78
2010-11-13,158,RORAIMA/RR,9,19,26,28,30,35,53
2010-11-17,159,BRASILIENSE/DF,2,12,28,29,56,70,76
2010-11-20,160,FLAMENGO/RJ,7,16,34,35,45,55,71
2010-11-24,161,FIGUEIRENSE/SC,47,52,55,56,59,70,80
2010-11-27,162,PALMEIRAS/SP,10,23,34,44,47,50,72
2010-12-01,163,SANTA CRUZ/PE,22,23,27,51,62,77,80
2010-12-04,164,CSA/AL,7,10,31,33,36,49,63
2010-12-08,165,PONTE PRETA/SP,13,31,39,45,62,67,80
2010-12-11,166,REMO/PA,4,48,51,53,71,72,75
2010-12-15,167,PARANÁ/PR,8,10,24,29,30,40,59
2010-12-18,168,TREZE/PB,4,15,20,31,47,74,79
2010-12-22,169,SAMPAIO CORRÊA/MA,12,23,24,39,51,63,66
2010-12-24,170,LONDRINA/PR,11,20,27,51,55,56,64
2010-12-29,171,SANTA CRUZ/PE,9,23,26,35,55,64,71
2010-12-31,172,SANTO ANDRÉ/SP,12,13,26,32,47,57,74
2011-01-05,173,TREZE/PB,6,10,34,59,68,70,74
2011-01-08,174,PAYSANDU/PA,1,3,4,14,24,35,48
2011-01-12,175,XV NOV. PIRACICABA/SP,5,13,30,32,59,66,67
2011-01-15,176,PALMAS/TO,25,34,40,50,52,66,80
2011-01-19,177,RORAIMA/RR,12,25,30,34,59,62,80
2011-01-22,178,IPATINGA/MG,11,27,39,50,71,72,80
2011-01-26,179,MIXTO/MT,1,38,51,60,63,68,69
2011-01-29,180,BOTAFOGO/RJ,16,32,35,36,56,73,74
2011-02-02,181,RIVER/PI,6,15,32,33,54,63,80
2011-02-05,182,UNIÃO SÃO JOÃO/SP,2,3,30,37,51,57,61
2011-02-09,183,MOTO CLUBE/MA,16,24,32,36,39,51,71
2011-02-12,184,"NACIONAL/AM",25,36,48,55,59,62,74
2011-02-16,185,PAULISTA/SP,7,26,41,45,50,59,62
2011-02-19,186,AMÉRICA/RJ,13,29,30,31,34,55,75
2011-02-23,187,AMÉRICA/RJ,7,11,30,61,76,77,80
2011-02-26,188,SÃO PAULO/SP,27,28,29,73,77,78,79
2011-03-02,189,A B C/RN,12,17,20,27,31,35,53
2011-03-05,190,FIGUEIRENSE/SC,4,23,65,68,70,71,73
2011-03-09,191,SANTO ANDRÉ/SP,24,27,33,34,41,42,79
2011-03-12,192,MOTO CLUBE/MA,7,14,27,28,38,67,71
2011-03-16,193,SÃO CAETANO/SP,13,14,27,31,45,68,75
2011-03-19,194,MARÍLIA/SP,8,24,33,45,61,63,72
2011-03-23,195,"NACIONAL/AM",8,13,21,40,52,53,62
2011-03-26,196,GRÊMIO/RS,5,11,24,41,67,70,78
2011-03-30,197,JUVENTUDE/RS,4,11,16,24,55,66,79
2011-04-02,198,MOTO CLUBE/MA,8,30,37,45,54,64,69
2011-04-06,199,REMO/PA,16,17,46,47,56,57,60
2011-04-09,200,BRASILIENSE/DF,9,23,27,31,36,75,79
2011-04-13,201,ATLÉTICO/MG,3,27,30,37,40,50,78
2011-04-16,202,AMERICANO/RJ,25,41,60,65,67,73,76
2011-04-20,203,AMÉRICA/RJ,8,19,61,65,67,73,77
2011-04-23,204,VASCO DA GAMA/RJ,21,25,36,44,45,67,78
2011-04-27,205,GOIÁS/GO,18,21,29,33,35,41,66
2011-04-30,206,BRAGANTINO/SP,2,11,30,36,66,71,77
2011-05-04,207,P.  DESPORTOS/SP,19,39,55,57,59,61,67
2011-05-07,208,BOTAFOGO/PB,4,7,11,12,13,15,70
2011-05-11,209,JOINVILLE/SC,10,33,47,54,67,73,77
2011-05-14,210,VILLA NOVA/MG,17,26,38,51,52,60,61
2011-05-18,211,FLAMENGO/RJ,5,23,26,32,36,39,56
2011-05-21,212,"NACIONAL/AM",13,19,22,35,43,49,51
2011-05-25,213,UNIÃO SÃO JOÃO/SP,6,12,14,23,28,35,52
2011-05-28,214,SANTO ANDRÉ/SP,6,12,17,56,66,70,71
2011-06-01,215,GAMA/DF,1,4,17,42,48,50,78
2011-06-04,216,RIO BRANCO/ES,4,9,15,41,55,57,65
2011-06-08,217,CORINTHIANS/SP,4,13,21,31,48,57,72
2011-06-11,218,JUVENTUDE/RS,2,20,28,32,48,60,74
2011-06-15,219,CRICIÚMA/SC,19,35,42,45,54,60,65
2011-06-18,220,SERGIPE/SE,5,9,23,25,28,32,65
2011-06-22,221,TREZE/PB,6,34,38,44,59,74,79
2011-06-25,222,INTER LIMEIRA/SP,2,3,7,11,56,61,65
2011-06-29,223,"NACIONAL/AM",5,10,18,55,56,59,72
2011-07-02,224,MOTO CLUBE/MA,14,16,17,20,21,28,74
2011-07-06,225,BOTAFOGO/RJ,2,26,30,37,45,47,61
2011-07-09,226,RORAIMA/RR,16,19,29,39,45,67,71
2011-07-13,227,AMÉRICA/RJ,3,27,34,44,62,63,75
2011-07-16,228,AMÉRICA/RJ,13,25,34,39,55,59,76
2011-07-20,229,S. PAULO/SP,10,11,24,26,36,47,51
2011-07-23,230,RIVER/PI,4,19,25,35,54,63,69
2011-07-27,231,YPIRANGA/AP,17,18,30,41,50,55,62
2011-07-30,232,XV PIRACICABA/SP,21,28,60,63,64,65,75
2011-08-03,233,CEARÁ/CE,11,16,32,41,56,68,78
2011-08-06,234,CRICIÚMA/SC,2,8,22,23,30,35,62
2011-08-10,235,SAMPAIO CORRÊA/MA,11,36,43,48,60,66,72
2011-08-13,236,DESPORTIVA/ES,6,21,29,35,39,62,69
2011-08-17,237,RIVER/PI,10,11,29,34,40,47,78
2011-08-20,238,OPERARIO/MS,25,26,28,30,63,70,76
2011-08-24,239,PONTE PRETA/SP,5,8,15,37,43,58,74
2011-08-27,240,RIO BRANCO/ES,19,23,29,41,51,54,63
2011-08-31,241,SÃO PAULO/SP,4,10,16,18,25,30,55
2011-09-03,242,CRUZEIRO/MG,6,23,41,46,48,54,73
2011-09-08,243,CSA/AL,1,15,40,47,49,52,77
2011-09-10,244,INTER LIMEIRA/SP,10,32,50,53,70,73,76
2011-09-14,245,TUNA LUSO/PA,25,34,39,41,69,77,79
2011-09-17,246,JUVENTUS/SP,2,13,35,51,55,63,75
2011-09-21,247,GRÊMIO/RS,11,13,34,39,61,62,66
2011-09-24,248,AMÉRICA/RJ,14,16,23,43,51,72,80
2011-09-28,249,UNIÃO SÃO JOÃO/SP,9,16,22,27,31,61,72
2011-10-01,250,OLARIA/RJ,14,20,22,37,49,60,78
2011-10-05,251,SÃO PAULO/SP,1,16,39,59,65,75,80
2011-10-08,252,RIO BRANCO/ES,1,13,16,33,35,43,65
2011-10-13,253,RIO BRANCO/ES,17,35,39,41,48,67,73
2011-10-15,254,AMERICANO/RJ,19,28,31,45,50,66,71
2011-10-19,255,INTER LIMEIRA/SP,3,10,14,26,31,51,75
2011-10-22,256,VASCO DA GAMA/RJ,13,31,44,46,57,67,73
2011-10-26,257,BRAGANTINO/SP,13,41,47,48,58,61,80
2011-10-29,258,RORAIMA/RR,19,25,29,55,56,60,74
2011-11-03,259,RIO BRANCO/ES,13,15,30,47,54,73,75
2011-11-05,260,FLAMENGO/RJ,2,3,14,29,36,42,62
2011-11-09,261,SANTOS/SP,1,4,21,24,32,49,74
2011-11-12,262,BRASILIENSE/DF,2,24,50,58,61,72,80
2011-11-16,263,VILA NOVA/GO,3,13,16,25,38,61,71
2011-11-19,264,ATLÉTICO/GO,6,7,26,58,67,78,79
2011-11-23,265,AMERICANO/RJ,15,34,36,37,44,56,78
2011-11-26,266,SAMPAIO CORRÊA/MA,13,19,35,41,46,52,66
2011-11-30,267,IPATINGA/MG,5,15,16,32,59,61,71
2011-12-03,268,MOTO CLUBE/MA,1,7,18,27,39,52,70
2011-12-07,269,OLARIA/RJ,40,56,59,65,68,73,79
2011-12-10,270,LONDRINA/PR,5,15,40,41,50,51,54
2011-12-14,271,AMERICANO/RJ,26,47,50,56,67,74,77
2011-12-17,272,TREZE/PB,4,6,10,14,18,40,78
2011-12-21,273,P.  DESPORTOS/SP,11,48,52,58,60,66,70
2011-12-24,274,GRÊMIO/RS,5,9,26,34,36,60,78
2011-12-28,275,JUVENTUS/SP,8,18,24,41,57,58,75
2011-12-31,276,BARUERI/SP,31,33,52,57,59,60,71
2012-01-04,277,NÁUTICO/PE,3,7,22,23,47,60,67
2012-01-07,278,ATLÉTICO/PR,7,8,16,18,54,60,72
2012-01-11,279,IPATINGA/MG,6,18,34,49,65,74,75
2012-01-14,280,RORAIMA/RR,7,9,11,35,61,72,74
2012-01-18,281,RIVER/PI,5,22,23,40,46,48,80
2012-01-21,282,UNIÃO BARBARENSE/SP,7,17,23,26,40,72,79
2012-01-25,283,GUARANI/SP,11,18,28,36,40,66,69
2012-01-28,284,PARANÁ/PR,7,9,37,47,50,63,73
2012-02-01,285,PORTUGUESA DESPORTOS/SP,8,11,25,26,47,67,71
2012-02-04,286,PONTE PRETA/SP,6,27,30,38,39,40,61
2012-02-08,287,PALMEIRAS/SP,1,18,22,26,36,50,55
2012-02-11,288,JI-PARANÁ / RO,3,32,33,52,54,56,75
2012-02-15,289,TUNA LUSO/PA,4,21,37,45,47,58,64
2012-02-18,290,INTERNACIONAL/RS,19,21,28,38,52,57,58
2012-02-22,291,PAYSANDU/PA,10,21,22,39,47,57,64
2012-02-25,292,SANTO ANDRÉ/SP,6,11,23,57,58,59,71
2012-03-01,293,"NACIONAL/AM",18,21,33,34,46,51,69
2012-03-03,294,INTERNACIONAL/RS,13,16,23,39,40,42,54
2012-03-07,295,AMÉRICA/MG,10,11,13,16,26,31,48
2012-03-10,296,MOTO CLUBE/MA,5,10,13,15,35,60,80
2012-03-14,297,SPORT/PE,15,17,20,31,34,37,42
2012-03-17,298,BOTAFOGO/RJ,7,11,12,19,21,26,75
2012-03-21,299,NÁUTICO/PE,3,4,12,30,68,71,72
2012-03-24,300,GOIÁS/GO,6,21,28,48,59,69,71
2012-03-28,301,BOTAFOGO/PB,13,26,27,41,57,65,71
2012-03-31,302,REMO/PA,3,5,6,17,32,35,74
2012-04-04,303,ATLÉTICO/MG,10,24,48,50,52,55,80
2012-04-07,304,YPIRANGA/AP,2,27,42,58,59,68,80
2012-04-11,305,BRASILIENSE/DF,24,31,32,35,41,49,75
2012-04-14,306,SANTO ANDRE/SP,32,40,51,53,63,70,73
2012-04-18,307,SPORT/PE,5,13,49,61,65,72,80
2012-04-20,308,ATLÉTICO/GO,2,7,8,17,47,61,70
2012-04-25,309,AMERICANO/RJ,2,9,16,24,33,38,67
2012-04-28,310,ATLÉTICO/GO,9,19,20,32,65,66,70
2012-05-02,311,SERGIPE/SE,3,12,21,29,33,56,69
2012-05-05,312,RORAIMA/RR,5,11,12,17,43,45,64
2012-05-09,313,UNIÃO BARBARENSE/SP,19,33,42,52,58,71,73
2012-05-12,314,TUNA LUSO/PA,10,30,32,35,44,48,54
2012-05-16,315,IPATINGA/MG,4,6,51,52,58,60,63
2012-05-19,316,CORINTHIANS/SP,14,25,27,32,33,44,75
2012-05-23,317,VASCO DA GAMA/RJ,6,21,40,60,65,70,72
2012-05-26,318,FIGUEIRENSE/SC,3,9,27,33,43,66,80
2012-05-30,319,BANGU/RJ,18,21,22,31,55,60,70
2012-06-02,320,PAULISTA/SP,10,35,39,43,54,55,69
2012-06-06,321,LONDRINA/PR,16,24,46,60,66,71,76
2012-06-09,322,MOTO CLUBE/MA,3,19,34,46,50,65,66
2012-06-13,323,AMÉRICA/MG,6,24,25,31,34,41,46
2012-06-16,324,ABC/RN,12,25,28,39,47,55,74
2012-06-20,325,MIXTO/MT,2,3,31,57,67,68,70
2012-06-23,326,CORINTHIANS/SP,5,16,20,23,45,56,60
2012-06-27,327,FIGUEIRENSE/SC,9,12,13,35,59,63,64
2012-06-30,328,RIO BRANCO/AC,25,29,38,55,65,69,73
2012-07-04,329,FIGUEIRENSE/SC,21,61,63,67,71,73,79
2012-07-07,330,VILLA NOVA/MG,4,25,30,32,35,42,79
2012-07-11,331,SERGIPE/SE,5,11,16,41,47,57,71
2012-07-14,332,AMÉRICA/RN,6,7,10,30,34,45,63
2012-07-18,333,ATLÉTICO/PR,5,16,25,45,60,64,65
2012-07-21,334,BOTAFOGO/PB,2,18,45,48,66,76,80
2012-07-25,335,CRICIÚMA/SC,20,26,32,33,36,58,76
2012-07-28,336,UNIÃO BARBARENSE/SP,5,7,25,40,45,75,79
2012-08-01,337,GRÊMIO/RS,24,37,40,41,54,57,71
2012-08-04,338,BAHIA/BA,4,18,48,54,66,68,79
2012-08-08,339,FLAMENGO/RJ,7,20,33,41,45,49,50
2012-08-11,340,AVAÍ/SC,5,19,26,57,63,73,75
2012-08-15,341,SERGIPE/SE,12,27,31,33,43,60,71
2012-08-18,342,MARÍLIA/SP,12,13,18,31,40,47,57
2012-08-22,343,GOIÁS/GO,3,6,14,46,47,57,80
2012-08-25,344,PAULISTA/SP,8,22,30,39,42,45,63
2012-08-29,345,UBERLÂNDIA/MG,4,22,25,32,40,54,76
2012-09-01,346,BOTAFOGO/RJ,12,13,22,33,38,72,76
2012-09-05,347,YPIRANGA/AP,2,7,21,22,33,45,79
2012-09-08,348,BRAGANTINO/SP,11,18,42,45,55,57,77
2012-09-12,349,TUNA LUSO/PA,21,29,45,54,58,72,80
2012-09-15,350,BRAGANTINO/SP,6,13,14,39,43,68,70
2012-09-19,351,GAMA/DF,1,4,18,52,54,59,61
2012-09-22,352,AVAÍ/SC,1,6,19,47,52,59,70
2012-09-26,353,TUNA LUSO/PA,6,25,38,44,65,66,74
2012-09-29,354,SAMPAIO CORRÊA/MA,8,22,37,57,63,79,80
2012-10-03,355,FLUMINENSE/RJ,10,16,24,33,57,72,73
2012-10-06,356,CRB/AL,4,6,13,25,28,62,70
2012-10-10,357,MOTO CLUBE/MA,2,16,18,36,39,53,66
2012-10-13,358,PARANÁ/PR,11,21,23,46,64,73,80
2012-10-17,359,CORINTHIANS/SP,1,14,17,28,64,65,78
2012-10-20,360,SÃO CAETANO/SP,4,10,21,31,33,42,69
2012-10-24,361,GOIÁS/GO,16,24,29,50,75,77,79
2012-10-27,362,"NACIONAL/AM",6,33,37,38,55,61,64
2012-10-31,363,TREZE/PB,7,37,44,49,63,66,70
2012-11-03,364,ATLÉTICO/MG,1,8,19,47,60,62,78
2012-11-07,365,ATLÉTICO/PR,9,20,33,49,58,61,73
2012-11-10,366,ITUANO/SP,11,12,13,51,52,65,75
2012-11-14,367,AMÉRICA/MG,3,4,20,53,63,66,68
2012-11-17,368,AMÉRICA/RJ,2,17,18,32,58,59,71
2012-11-21,369,SAMPAIO CORRÊA/MA,2,4,8,24,33,50,65
2012-11-24,370,UBERLÂNDIA/MG,11,12,48,49,52,63,78
2012-11-28,371,SÃO RAIMUNDO/AM,11,20,37,43,44,55,57
2012-12-01,372,SÃO PAULO/SP,15,25,53,62,76,77,80
2012-12-05,373,PONTE PRETA/SP,15,22,47,48,53,66,80
2012-12-08,374,CEARÁ/CE,20,23,25,26,32,47,71
2012-12-12,375,TREZE/PB,9,12,15,19,29,51,65
2012-12-15,376,TUNA LUSO/PA,11,16,20,23,52,53,74
2012-12-19,377,REMO/PA,4,11,39,43,56,69,79
2012-12-22,378,FLAMENGO/RJ,8,10,16,44,49,57,73
2012-12-26,379,FIGUEIRENSE/SC,4,11,20,31,60,62,73
2012-12-29,380,SANTOS/SP,16,24,35,38,39,41,51
2013-01-02,381,OLARIA/RJ,7,20,21,24,25,48,54
2013-01-05,382,MIXTO/MT,4,7,10,17,22,35,61
2013-01-09,383,SANTOS/SP,30,35,41,52,56,59,79
2013-01-12,384,BRAGANTINO/SP,7,8,24,28,42,63,65
2013-01-16,385,TUNA LUSO/PA,7,9,23,24,34,44,64
2013-01-19,386,AMÉRICA/RN,3,32,35,52,67,72,79
2013-01-23,387,AMÉRICA/MG,6,8,29,48,63,66,76
2013-01-26,388,BRAGANTINO/SP,6,27,54,58,61,63,70
2013-01-30,389,NÁUTICO/PE,1,23,34,36,41,42,43
2013-02-02,390,VILA NOVA/GO,21,22,32,44,45,46,67
2013-02-06,391,SÃO PAULO/SP,7,37,48,53,54,78,80
2013-02-09,392,GAMA/DF,2,20,55,58,64,65,75
2013-02-13,393,BANGU/RJ,10,31,33,39,51,59,70
2013-02-16,394,AMÉRICA/RJ,17,20,34,45,59,72,74
2013-02-20,395,REMO/PA,20,30,36,40,47,49,58
2013-02-23,396,TUNA LUSO/PA,3,23,28,31,48,49,63
2013-02-27,397,SERGIPE/SE,1,20,34,45,57,71,72
2013-03-02,398,PARANÁ/PR,16,47,57,65,73,74,80
2013-03-06,399,SÃO PAULO/SP,1,14,19,20,24,29,42
2013-03-09,400,SERGIPE/SE,11,42,45,65,68,69,80
2013-03-13,401,VASCO DA GAMA/RJ,16,19,24,32,41,65,77
2013-03-16,402,AVAÍ/SC,38,40,53,55,73,77,79
2013-03-20,403,ATLÉTICO/PR,8,14,32,46,51,64,67
2013-03-23,404,RIVER/PI,7,16,21,26,32,50,62
2013-03-27,405,REMO/PA,12,13,22,28,53,66,78
2013-03-30,406,CRB/AL,4,30,32,33,55,65,70
2013-04-03,407,PALMAS/TO,6,47,51,63,73,75,77
2013-04-06,408,INTERNACIONAL/RS,9,15,27,31,46,63,75
2013-04-09,409,BAHIA/BA,5,34,41,56,64,73,75
2013-04-11,410,ATLÉTICO/PR,6,10,18,32,33,37,58
2013-04-13,411,ATLÉTICO/GO,2,15,21,49,54,67,79
2013-04-16,412,RORAIMA/RR,10,23,29,39,44,62,70
2013-04-18,413,ITUANO/SP,31,33,61,64,66,67,76
2013-04-20,414,FIGUEIRENSE/SC,13,20,36,40,44,60,79
2013-04-23,415,JUVENTUDE/RS,1,12,35,41,45,54,55
2013-04-25,416,REMO/PA,2,16,27,38,49,56,69
2013-04-27,417,CORITIBA/PR,16,22,28,36,41,43,44
2013-04-30,418,NÁUTICO/PE,6,25,31,32,39,44,60
2013-05-02,419,SAMPAIO CORRÊA/MA,2,3,5,16,24,44,70
2013-05-04,420,LONDRINA/PR,23,32,37,45,56,66,67
2013-05-07,421,ATLÉTICO/GO,1,12,17,40,42,65,79
2013-05-09,422,SPORT/PE,4,6,8,31,39,43,52
2013-05-11,423,NÁUTICO/PE,4,35,45,46,71,72,77
2013-05-14,424,IPATINGA/MG,13,16,29,44,70,78,80
2013-05-16,425,CRUZEIRO/MG,2,6,7,19,24,54,68
2013-05-18,426,ATLÉTICO/PR,6,20,28,32,43,45,75
2013-05-21,427,RIO BRANCO/ES,13,16,31,45,63,67,74
2013-05-23,428,GRÊMIO/RS,6,13,14,25,39,48,74
2013-05-25,429,BANGU/RJ,5,6,38,40,47,61,75
2013-05-28,430,SÃO PAULO/SP,11,21,28,32,54,78,79
2013-06-01,431,BARUERI/SP,1,2,28,44,46,48,72
2013-06-04,432,SANTOS/SP,11,21,28,31,58,64,70
2013-06-06,433,MOTO CLUBE/MA,1,4,17,36,43,72,79
2013-06-08,434,VITÓRIA/BA,10,21,25,27,47,60,80
2013-06-11,435,JUVENTUS/SP,15,22,34,36,53,57,58
2013-06-13,436,ATLÉTICO/GO,1,6,9,10,16,23,24
2013-06-15,437,CORINTHIANS/SP,15,30,37,45,57,60,78
2013-06-18,438,ATLÉTICO/PR,17,20,29,36,42,52,74
2013-06-20,439,RORAIMA/RR,1,6,36,46,62,69,70
2013-06-22,440,INTERNACIONAL/RS,12,27,39,54,56,58,72
2013-06-25,441,SÃO CAETANO/SP,13,19,20,23,38,60,63
2013-06-27,442,BRASILIENSE/DF,1,15,39,43,50,53,66
2013-06-29,443,CRICIÚMA/SC,8,13,51,53,71,73,79
2013-07-02,444,ITUANO/SP,3,11,35,46,56,72,79
2013-07-04,445,BARUERI/SP,9,17,28,38,46,64,76
2013-07-06,446,JUVENTUDE/RS,15,29,35,43,57,65,77
2013-07-09,447,FLUMINENSE/RJ,10,23,25,29,49,51,70
2013-07-11,448,MOTO CLUBE/MA,1,16,21,32,42,63,80
2013-07-13,449,VILA NOVA/GO,10,24,36,38,53,64,69
2013-07-16,450,ATLÉTICO/PR,6,9,15,24,27,44,76
2013-07-18,451,FORTALEZA/CE,20,22,29,36,44,48,78
2013-07-20,452,MOTO CLUBE/MA,37,38,40,67,70,74,79
2013-07-23,453,AMERICANO/RJ,1,5,32,46,57,66,79
2013-07-25,454,SAMPAIO CORRÊA/MA,2,10,42,58,61,68,69
2013-07-27,455,AMÉRICA/MG,18,21,23,60,70,76,78
2013-07-30,456,JOINVILLE/SC,11,17,24,36,43,72,73
2013-08-01,457,MOTO CLUBE/MA,2,9,25,40,46,68,72
2013-08-03,458,ATLÉTICO/GO,12,25,30,31,64,66,77
2013-08-06,459,UBERLÂNDIA/MG,2,8,10,14,41,44,50
2013-08-08,460,BAHIA/BA,9,18,29,39,46,52,60
2013-08-10,461,BRAGANTINO/SP,3,4,11,22,24,67,76
2013-08-13,462,CSA/AL,11,12,28,39,57,70,71
2013-08-15,463,TUNA LUSO/PA,4,5,48,55,63,66,68
2013-08-17,464,OPERARIO/MS,2,12,16,37,45,60,76
2013-08-20,465,BOTAFOGO/PB,12,23,39,47,62,71,79
2013-08-22,466,RORAIMA/RR,11,31,43,50,64,66,72
2013-08-24,467,RIVER/PI,1,19,34,40,42,53,80
2013-08-27,468,DESPORTIVA/ES,11,14,16,24,33,56,79
2013-08-29,469,NÁUTICO/PE,18,25,36,49,59,65,77
2013-08-31,470,BOTAFOGO/PB,22,37,38,48,56,64,75
2013-09-03,471,PORTUGUESA DESPORTOS/SP,18,20,43,56,65,66,71
2013-09-05,472,VILA NOVA/GO,7,11,12,18,20,28,63
2013-09-10,473,BARUERI/SP,32,55,63,65,70,71,73
2013-09-12,474,PAULISTA/SP,5,25,38,48,57,62,63
2013-09-14,475,RIO BRANCO/AC,28,36,63,64,65,68,76
2013-09-17,476,SÃO PAULO/SP,13,29,43,45,48,58,73
2013-09-19,477,VITÓRIA/BA,12,14,28,41,55,68,71
2013-09-21,478,RIO BRANCO/ES,11,27,38,43,47,63,69
2013-09-24,479,BRASILIENSE/DF,26,29,31,44,65,72,80
2013-09-26,480,SANTOS/SP,10,12,28,35,38,60,68
2013-09-28,481,VILLA NOVA/MG,3,6,25,26,37,76,78
2013-10-01,482,RIO BRANCO/ES,15,16,21,33,35,55,80
2013-10-03,483,GRÊMIO/RS,12,26,31,36,55,71,79
2013-10-05,484,GRÊMIO/RS,4,28,29,33,39,47,71
2013-10-08,485,FORTALEZA/CE,4,5,19,24,28,30,48
2013-10-10,486,VITÓRIA/BA,27,39,42,51,56,61,77
2013-10-15,487,SANTA CRUZ/PE,5,42,48,52,55,57,78
2013-10-17,488,DESPORTIVA/ES,15,30,34,36,37,57,60
2013-10-19,489,VILA NOVA/GO,2,4,7,49,66,69,77
2013-10-22,490,VASCO DA GAMA/RJ,13,17,28,45,46,77,79
2013-10-24,491,YPIRANGA/AP,4,13,48,55,60,62,80
2013-10-26,492,PAULISTA/SP,2,20,21,30,57,65,76
2013-10-29,493,CORINTHIANS/SP,1,16,42,46,51,60,77
2013-10-31,494,VITÓRIA/BA,6,22,33,40,49,56,74
2013-11-05,495,FORTALEZA/CE,3,6,19,46,50,61,62
2013-11-07,496,JUVENTUS/SP,20,34,43,44,69,70,75
2013-11-09,497,AMÉRICA/RN,6,20,31,34,42,49,79
2013-11-12,498,MIXTO/MT,17,35,37,48,53,56,80
2013-11-14,499,UBERLÂNDIA/MG,11,13,28,42,50,66,67
2013-11-16,500,ATLÉTICO/GO,9,11,44,57,65,75,78
2013-11-19,501,SANTOS/SP,12,16,28,30,33,49,61
2013-11-21,502,AMERICANO/RJ,14,33,38,57,66,70,79
2013-11-23,503,GRÊMIO/RS,1,2,23,33,38,47,51
2013-11-26,504,"NACIONAL/AM",33,34,41,44,65,74,79
2013-11-28,505,PAYSANDU/PA,7,8,39,40,55,75,76
2013-11-30,506,LONDRINA/PR,14,21,39,41,42,48,50
2013-12-03,507,UNIÃO BARBARENSE/SP,8,21,28,32,58,61,65
2013-12-05,508,PAULISTA/SP,25,28,33,35,47,51,80
2013-12-07,509,CORINTHIANS/SP,6,23,28,29,45,53,72
2013-12-10,510,XV PIRACICABA/SP,7,10,44,52,69,79,80
2013-12-12,511,FORTALEZA/CE,3,13,31,43,63,66,79
2013-12-14,512,INTER LIMEIRA/SP,4,7,11,19,39,59,63
2013-12-17,513,BAHIA/BA,5,8,26,35,41,43,69
2013-12-19,514,GOIÁS/GO,26,29,41,44,68,71,73
2013-12-21,515,ABC/RN,9,17,21,26,70,78,79
2013-12-24,516,XV PIRACICABA/SP,1,21,30,58,59,71,80
2013-12-26,517,CRICIÚMA/SC,8,15,22,32,36,42,57
2013-12-28,518,ATLÉTICO/GO,1,13,44,47,56,59,75
2013-12-31,519,MOTO CLUBE/MA,48,52,57,61,73,76,77
2014-01-02,520,PALMAS/TO,25,27,31,32,59,67,80
2014-01-04,521,AVAÍ/SC,6,10,17,20,42,48,53
2014-01-07,522,XV PIRACICABA/SP,23,39,50,59,61,65,72
2014-01-09,523,JUVENTUDE/RS,4,24,36,56,67,72,78
2014-01-11,524,SÃO RAIMUNDO/AM,12,15,26,38,58,77,80
2014-01-14,525,PONTE PRETA/SP,8,13,37,42,45,61,66
2014-01-16,526,FIGUEIRENSE/SC,1,11,17,18,47,63,80
2014-01-18,527,PORTUGUESA DESPORTOS/SP,12,13,20,35,46,70,80
2014-01-21,528,FLAMENGO/RJ,26,31,42,44,50,67,77
2014-01-23,529,IPATINGA/MG,22,36,40,50,53,60,78
2014-01-25,530,OLARIA/RJ,10,21,33,45,49,58,70
2014-01-28,531,GAMA/DF,23,50,54,61,66,72,74
2014-01-30,532,PAULISTA/SP,18,19,30,32,42,63,70
2014-02-01,533,ITUANO/SP,4,10,35,36,54,55,56
2014-02-04,534,CRICIÚMA/SC,1,4,22,27,32,61,70
2014-02-06,535,AVAÍ/SC,7,15,20,34,47,59,75
2014-02-08,536,SANTO ANDRÉ/SP,2,28,33,47,61,65,77
2014-02-11,537,SPORT/PE,17,28,35,44,53,66,79
2014-02-13,538,FIGUEIRENSE/SC,7,32,35,42,56,57,75
2014-02-15,539,XV PIRACICABA/SP,5,14,33,41,49,64,73
2014-02-18,540,RORAIMA/RR,6,10,54,62,66,67,72
2014-02-20,541,PALMAS/TO,10,45,60,67,73,76,77
2014-02-22,542,AMERICANO/RJ,2,4,19,36,46,57,63
2014-02-25,543,LONDRINA/PR,5,8,20,34,37,39,47
2014-02-27,544,YPIRANGA/AP,7,23,26,33,46,48,75
2014-03-01,545,SANTOS/SP,17,28,31,39,49,66,70
2014-03-06,546,UBERLÂNDIA/MG,15,17,31,39,44,49,72
2014-03-08,547,MIXTO/MT,20,21,33,45,62,71,75
2014-03-11,548,SÃO CAETANO/SP,4,18,29,56,59,69,75
2014-03-13,549,"NACIONAL/AM",1,21,22,35,42,66,75
2014-03-15,550,VITÓRIA/BA,26,42,45,46,59,63,80
2014-03-18,551,OLARIA/RJ,2,19,27,40,45,63,73
2014-03-20,552,GAMA/DF,4,17,22,44,49,62,66
2014-03-22,553,INTER LIMEIRA/SP,23,29,31,33,65,74,79
2014-03-25,554,ATLÉTICO/MG,28,49,53,66,67,74,79
2014-03-27,555,PAULISTA/SP,14,35,39,43,68,72,77
2014-03-29,556,MARÍLIA/SP,10,21,25,30,55,57,65
2014-04-01,557,SÃO RAIMUNDO/AM,8,22,37,40,60,65,72
2014-04-03,558,PALMEIRAS/SP,27,31,45,65,67,68,72
2014-04-05,559,FLUMINENSE/RJ,9,10,13,19,32,51,60
2014-04-08,560,CEARÁ/CE,15,23,39,45,56,75,76
2014-04-10,561,TUNA LUSO/PA,10,27,28,31,53,57,58
2014-04-12,562,VILLA NOVA/MG,7,23,29,31,49,74,76
2014-04-15,563,IPATINGA/MG,8,12,14,36,50,69,70
2014-04-17,564,TUNA LUSO/PA,2,10,18,19,40,62,69
2014-04-19,565,INTER LIMEIRA/SP,15,18,24,26,31,46,73
2014-04-22,566,UNIÃO BARBARENSE/SP,7,8,20,23,29,40,49
2014-04-24,567,JOINVILLE/SC,1,5,25,39,40,57,77
2014-04-26,568,YPIRANGA/AP,6,22,25,45,66,68,75
2014-04-29,569,AMÉRICA/RJ,1,13,47,52,64,66,74
2014-05-03,570,"NACIONAL/AM",8,21,36,61,63,69,80
2014-05-06,571,JOINVILLE/SC,7,10,18,37,43,53,54
2014-05-08,572,ITUANO/SP,5,17,22,23,28,33,74
2014-05-10,573,BOTAFOGO/RJ,2,12,25,37,42,49,76
2014-05-13,574,ITUANO/SP,12,33,43,52,59,61,65
2014-05-15,575,BARUERI/SP,6,14,21,22,40,43,47
2014-05-17,576,CORINTHIANS/SP,13,14,20,43,68,69,71
2014-05-20,577,RORAIMA/RR,10,21,54,61,62,72,80
2014-05-22,578,BAHIA/BA,5,6,12,23,33,36,63
2014-05-24,579,GAMA/DF,3,7,26,30,42,54,69
2014-05-27,580,REMO/PA,2,4,8,39,42,60,66
2014-05-29,581,PAYSANDU/PA,5,24,25,56,57,58,64
2014-05-31,582,SANTO ANDRÉ/SP,21,28,50,57,58,70,77
2014-06-03,583,RIO BRANCO/AC,11,18,29,32,35,48,49
2014-06-05,584,PALMEIRAS/SP,4,5,23,31,54,71,75
2014-06-07,585,SÃO PAULO/SP,28,36,50,54,56,57,70
2014-06-10,586,MIXTO/MT,11,33,51,52,54,78,80
2014-06-12,587,DESPORTIVA/ES,19,21,26,30,50,61,80
2014-06-14,588,MOTO CLUBE/MA,34,36,39,52,63,73,80
2014-06-17,589,CEARÁ/CE,3,32,35,43,50,69,75
2014-06-21,590,JUVENTUDE/RS,16,20,21,22,76,77,78
2014-06-24,591,INTER LIMEIRA/SP,11,19,21,23,38,48,66
2014-06-26,592,OLARIA/RJ,7,30,34,42,55,67,76
2014-06-28,593,"NACIONAL/AM",1,25,34,52,58,64,69
2014-07-01,594,PAYSANDU/PA,1,10,23,45,46,68,74
2014-07-03,595,SAMPAIO CORRÊA/MA,1,3,10,41,51,52,54
2014-07-05,596,SANTO ANDRÉ/SP,14,19,20,28,55,76,79
2014-07-08,597,INTER LIMEIRA/SP,13,32,39,40,46,54,65
2014-07-10,598,MOTO CLUBE/MA,1,2,12,20,29,46,71
2014-07-12,599,BOTAFOGO/RJ,2,13,25,39,47,50,68
2014-07-15,600,YPIRANGA/AP,13,19,27,29,42,44,57
2014-07-17,601,CRB/AL,15,18,55,56,62,67,77
2014-07-19,602,FLUMINENSE/RJ,4,14,16,25,60,69,74
2014-07-22,603,SÃO CAETANO/SP,3,37,46,57,59,63,78
2014-07-24,604,XV PIRACICABA/SP,2,29,35,52,58,68,74
2014-07-26,605,ATLÉTICO/PR,33,42,49,62,71,72,78
2014-07-29,606,SERGIPE/SE,16,39,43,47,66,69,70
2014-07-31,607,PARANÁ/PR,6,14,20,24,33,40,57
2014-08-02,608,CRB/AL,25,40,53,71,72,74,75
2014-08-05,609,PARANÁ/PR,2,4,5,12,31,60,73
2014-08-07,610,SERGIPE/SE,18,34,37,53,64,67,71
2014-08-09,611,YPIRANGA/AP,13,29,38,39,44,60,77
2014-08-12,612,PARANÁ/PR,7,10,28,29,60,70,71
2014-08-14,613,BANGU/RJ,1,5,18,29,51,54,68
2014-08-16,614,RIO BRANCO/AC,2,34,40,51,53,56,67
2014-08-19,615,JI-PARANÁ / RO,20,35,43,50,67,77,78
2014-08-21,616,PALMAS/TO,10,15,25,51,52,53,62
2014-08-23,617,FIGUEIRENSE/SC,12,18,19,20,23,47,63
2014-08-26,618,GOIÁS/GO,11,23,25,31,33,54,71
2014-08-28,619,DESPORTIVA/ES,6,15,30,34,42,66,70
2014-08-30,620,PALMAS/TO,7,30,35,47,71,72,77
2014-09-02,621,RORAIMA/RR,15,29,44,48,57,63,72
2014-09-04,622,CORINTHIANS/SP,6,27,50,51,52,55,66
2014-09-06,623,TUNA LUSO/PA,42,62,68,74,76,77,78
2014-09-09,624,GRÊMIO/RS,3,27,35,45,60,73,76
2014-09-11,625,MIXTO/MT,3,32,43,50,56,67,73
2014-09-13,626,PALMAS/TO,7,12,14,29,44,50,56
2014-09-16,627,BRAGANTINO/SP,4,32,43,50,66,74,75
2014-09-18,628,AVAÍ/SC,9,16,39,43,58,67,69
2014-09-20,629,BOTAFOGO/RJ,31,40,52,55,57,67,70
2014-09-23,630,JUVENTUS/SP,12,15,26,35,49,50,62
2014-09-25,631,XV PIRACICABA/SP,14,19,21,34,35,60,65
2014-09-27,632,BANGU/RJ,14,17,18,35,38,39,40
2014-09-30,633,IPATINGA/MG,1,17,30,37,43,69,77
2014-10-02,634,SANTA CRUZ/PE,14,22,26,30,38,69,71
2014-10-04,635,AMÉRICA/RN,7,13,36,55,68,71,72
2014-10-07,636,SANTOS/SP,12,16,21,48,55,73,75
2014-10-09,637,OPERARIO/MS,13,19,21,26,43,72,76
2014-10-11,638,VILLA NOVA/MG,3,4,14,17,23,29,69
2014-10-14,639,JI-PARANÁ / RO,15,19,20,37,44,69,74
2014-10-16,640,VITÓRIA/BA,3,11,26,31,37,52,66
2014-10-18,641,UNIÃO BARBARENSE/SP,8,15,21,33,38,51,80
2014-10-21,642,BOTAFOGO/RJ,7,8,23,30,41,61,64
2014-10-23,643,IPATINGA/MG,2,20,38,43,64,66,70
2014-10-25,644,SANTOS/SP,7,14,26,35,42,61,72
2014-10-28,645,PALMEIRAS/SP,2,8,14,21,24,32,40
2014-10-30,646,CRICIÚMA/SC,5,25,39,50,55,63,78
2014-11-01,647,CSA/AL,30,34,48,55,57,67,69
2014-11-04,648,SPORT/PE,6,46,56,58,69,71,77
2014-11-06,649,GOIÁS/GO,2,29,35,39,47,57,77
2014-11-08,650,VILA NOVA/MG,14,20,23,40,62,75,80
2014-11-11,651,MARÍLIA/SP,4,41,49,57,58,62,75
2014-11-13,652,GRÊMIO/RS,2,9,24,25,30,49,65
2014-11-18,653,ATLÉTICO/PR,5,21,26,28,34,55,58
2014-11-20,654,FLAMENGO/RJ,12,13,14,41,48,60,69
2014-11-22,655,SÃO PAULO/SP,23,40,48,53,62,65,78
2014-11-25,656,VASCO DA GAMA/RJ,2,5,21,45,61,69,74
2014-11-27,657,CORITIBA/PR,2,11,13,14,25,40,64
2014-11-29,658,AMÉRICA/RJ,19,20,25,40,58,64,65
2014-12-02,659,PALMEIRAS/SP,6,21,34,39,45,54,63
2014-12-04,660,VILA NOVA/GO,8,13,35,43,47,59,72
2014-12-06,661,ABC/RN,21,23,29,36,38,46,59
2014-12-09,662,AVAÍ/SC,7,12,29,47,58,67,70
2014-12-11,663,TUNA LUSO/PA,5,7,27,44,58,60,77
2014-12-13,664,IPATINGA/MG,13,14,17,25,33,35,57
2014-12-16,665,MIXTO/MT,4,26,27,36,42,70,74
2014-12-18,666,CRICIÚMA/SC,32,37,42,57,68,74,80
2014-12-20,667,CEARÁ/CE,1,12,14,16,18,23,77
2014-12-23,668,ATLÉTICO/MG,8,15,25,51,60,66,69
2014-12-27,669,CSA/AL,11,27,28,32,34,41,60
2014-12-30,670,AMÉRICA/MG,9,15,16,32,57,64,69
2015-01-03,671,VILLA NOVA/MG,5,11,43,50,55,60,61
2015-01-06,672,MIXTO/MT,10,26,37,42,52,61,71
2015-01-08,673,ATLÉTICO/GO,11,27,36,38,48,57,75
2015-01-10,674,SÃO PAULO/SP,3,22,25,30,33,39,71
2015-01-13,675,ATLÉTICO/GO,22,25,48,56,61,63,76
2015-01-15,676,PONTE PRETA/SP,8,18,26,30,43,62,79
2015-01-17,677,IPATINGA/MG,1,4,16,21,41,42,64
2015-01-20,678,IPATINGA/MG,33,40,50,56,58,59,61
2015-01-22,679,FLAMENGO/RJ,2,7,18,44,45,66,77
2015-01-24,680,RIO BRANCO/AC,2,4,5,44,67,68,79
2015-01-27,681,PALMEIRAS/SP,7,11,21,28,42,57,79
2015-01-29,682,GRÊMIO/RS,5,19,33,42,46,69,75
2015-01-31,683,CRB/AL,1,12,32,41,64,68,77
2015-02-03,684,VITÓRIA/BA,5,24,34,43,66,74,77
2015-02-05,685,CRB/AL,3,4,15,23,33,67,72
2015-02-07,686,RIO BRANCO/ES,4,11,20,24,29,35,58
2015-02-10,687,INTERNACIONAL/RS,6,7,8,50,55,56,58
2015-02-12,688,PORTUGUESA DESPORTOS/SP,26,33,37,38,46,64,74
2015-02-14,689,BRAGANTINO/SP,2,26,30,43,68,76,79
2015-02-19,690,SANTO ANDRÉ/SP,3,4,8,35,52,66,78
2015-02-21,691,SÃO CAETANO/SP,17,38,48,64,68,73,79
2015-02-24,692,VILLA NOVA/MG,13,19,27,35,55,64,66
2015-02-26,693,PONTE PRETA/SP,7,17,24,34,40,51,59
2015-02-28,694,"NACIONAL/AM",4,15,57,61,62,64,70
2015-03-03,695,MARÍLIA/SP,3,15,20,26,36,53,69
2015-03-05,696,AMERICANO/RJ,10,21,30,38,41,47,78
2015-03-07,697,PALMAS/TO,22,23,30,54,57,65,75
2015-03-10,698,SANTA CRUZ/PE,6,16,18,27,34,45,47
2015-03-12,699,AMÉRICA/RJ,23,32,33,42,47,54,78
2015-03-14,700,RIO BRANCO/AC,20,23,25,52,60,73,77
2015-03-17,701,PALMAS/TO,1,6,36,44,56,61,75
2015-03-19,702,CRUZEIRO/MG,25,40,44,46,52,60,62
2015-03-21,703,FLUMINENSE/RJ,10,27,34,39,40,54,59
2015-03-24,704,AMERICANO/RJ,3,7,31,37,65,70,72
2015-03-26,705,GUARANI/SP,29,32,34,37,42,46,47
2015-03-28,706,OLARIA/RJ,30,38,41,44,48,57,73
2015-03-31,707,JUVENTUS/SP,24,47,58,60,64,75,80
2015-04-02,708,SAMPAIO CORRÊA/MA,4,9,10,27,31,77,79
2015-04-04,709,SÃO RAIMUNDO/AM,19,26,28,38,48,65,72
2015-04-07,710,UBERLÂNDIA/MG,7,11,12,45,65,69,80
2015-04-09,711,FLUMINENSE/RJ,3,27,33,34,39,45,65
2015-04-11,712,BOTAFOGO/RJ,2,41,50,55,56,62,79
2015-04-14,713,GAMA/DF,20,24,27,39,52,60,80
2015-04-16,714,PARANÁ/PR,11,31,34,57,64,71,72
2015-04-18,715,VITÓRIA/BA,26,39,41,45,47,53,64
2015-04-23,716,PARANÁ/PR,10,16,20,25,44,62,66
2015-04-25,717,JUVENTUDE/RS,13,16,20,46,50,56,74
2015-04-28,718,SERGIPE/SE,10,14,17,35,59,67,71
2015-04-30,719,VILLA NOVA/MG,3,18,30,41,46,47,70
2015-05-02,720,VITÓRIA/BA,21,22,44,57,63,67,73
2015-05-05,721,BANGU/RJ,6,8,22,32,36,53,68
2015-05-07,722,JI-PARANÁ / RO,9,10,16,33,34,71,72
2015-05-09,723,GUARANI/SP,6,10,20,31,32,57,79
2015-05-12,724,SPORT/PE,22,31,39,50,53,55,73
2015-05-14,725,NÁUTICO/PE,16,23,30,31,35,62,74
2015-05-16,726,SANTA CRUZ/PE,3,9,10,66,68,70,77
2015-05-19,727,JOINVILLE/SC,2,12,34,51,60,70,80
2015-05-21,728,VILLA NOVA/MG,20,39,47,50,53,60,61
2015-05-23,729,GOIÁS/GO,2,20,29,43,45,62,78
2015-05-26,730,UNIÃO BARBARENSE/SP,10,16,19,42,54,69,74
2015-05-28,731,CRB/AL,7,21,39,40,63,69,74
2015-05-30,732,YPIRANGA/AP,7,54,59,64,65,71,78
2015-06-02,733,PARANÁ/PR,11,13,36,43,56,59,77
2015-06-06,734,ATLÉTICO/MG,4,12,16,51,64,70,73
2015-06-09,735,TUNA LUSO/PA,4,24,37,64,69,73,74
2015-06-11,736,TREZE/PB,27,36,41,54,58,72,73
2015-06-13,737,FLAMENGO/RJ,3,7,10,28,60,62,78
2015-06-16,738,AMÉRICA/RN,8,48,56,57,61,67,76
2015-06-18,739,OPERARIO/MS,9,15,17,19,40,45,50
2015-06-20,740,BRASILIENSE/DF,5,34,37,44,61,73,80
2015-06-23,741,BOTAFOGO/PB,30,36,44,49,54,63,73
2015-06-25,742,PAULISTA/SP,11,15,32,37,61,63,74
2015-06-27,743,AVAÍ/SC,2,9,11,33,35,61,69
2015-06-30,744,JUVENTUDE/RS,4,17,30,36,48,56,61
2015-07-02,745,AMÉRICA/RN,3,23,43,51,53,64,70
2015-07-04,746,INTERNACIONAL/RS,19,30,34,40,48,58,76
2015-07-07,747,OPERARIO/MS,15,38,44,45,48,60,65
2015-07-09,748,SANTA CRUZ/PE,3,6,12,52,66,74,75
2015-07-11,749,AVAÍ/SC,2,9,37,40,58,60,73
2015-07-14,750,RIVER/PI,8,26,31,33,50,67,79
2015-07-16,751,OLARIA/RJ,7,10,12,23,44,67,70
2015-07-18,752,INTERNACIONAL/RS,6,12,26,42,58,66,68
2015-07-21,753,DESPORTIVA/ES,2,40,46,48,53,64,75
2015-07-23,754,BAHIA/BA,5,8,19,30,37,41,75
2015-07-25,755,NÁUTICO/PE,1,21,52,64,66,69,71
2015-07-28,756,SERGIPE/SE,6,18,45,47,61,64,66
2015-07-30,757,ATLÉTICO/GO,14,43,54,56,59,71,76
2015-08-01,758,AMÉRICA/RN,16,19,24,31,46,60,72
2015-08-04,759,UNIÃO SÃO JOÃO/SP,3,6,27,31,50,64,74
2015-08-06,760,ATLÉTICO/MG,6,7,12,33,40,66,75
2015-08-08,761,YPIRANGA/AP,8,10,21,30,50,57,61
2015-08-11,762,PALMEIRAS/SP,5,17,36,42,61,69,77
2015-08-13,763,SÃO RAIMUNDO/AM,5,8,11,35,39,60,78
2015-08-15,764,SÃO PAULO/SP,6,13,16,28,37,62,75
2015-08-18,765,ATLÉTICO/MG,31,44,51,57,59,66,74
2015-08-20,766,UBERLÂNDIA/MG,16,27,44,46,49,55,67
2015-08-22,767,VILA NOVA/GO,21,27,39,47,59,61,80
2015-08-25,768,TUNA LUSO/PA,1,5,13,27,61,70,80
2015-08-27,769,IPATINGA/MG,4,20,29,56,59,63,74
2015-08-29,770,JUVENTUS/SP,6,17,24,33,67,72,73
2015-09-01,771,SANTO ANDRÉ/SP,37,39,48,51,58,65,77
2015-09-03,772,VILA NOVA/GO,8,42,46,63,72,77,78
2015-09-05,773,ABC/RN,15,37,49,68,70,74,78
2015-09-08,774,MARÍLIA/SP,15,18,39,42,45,61,62
2015-09-10,775,UNIÃO BARBARENSE/SP,6,21,31,33,48,64,78
2015-09-12,776,ATLÉTICO/MG,18,21,27,44,68,74,78
2015-09-15,777,FIGUEIRENSE/SC,3,14,36,44,46,55,67
2015-09-17,778,FLAMENGO/RJ,3,8,23,41,58,68,69
2015-09-19,779,AMÉRICA/MG,6,22,25,33,42,68,78
2015-09-22,780,CEARÁ/CE,9,25,40,44,54,67,73
2015-09-24,781,ATLÉTICO/GO,1,27,39,42,49,75,76
2015-09-26,782,NÁUTICO/PE,10,13,22,35,39,56,60
2015-09-29,783,UNIÃO SÃO JOÃO/SP,32,34,37,46,56,60,63
2015-10-01,784,INTERNACIONAL/RS,3,8,10,22,36,41,61
2015-10-03,785,AVAÍ/SC,5,6,18,27,51,52,79
2015-10-06,786,CRUZEIRO/MG,19,20,23,31,58,74,79
2015-10-08,787,CRICIÚMA/SC,14,24,26,29,38,53,80
2015-10-10,788,PALMEIRAS/SP,1,7,14,31,40,50,51
2015-10-13,789,TREZE/PB,12,13,21,37,45,53,76
2015-10-15,790,TUNA LUSO/PA,2,4,8,12,27,31,50
2015-10-17,791,CORINTHIANS/SP,3,10,36,44,58,59,64
2015-10-20,792,ATLÉTICO/GO,2,9,14,33,37,67,78
2015-10-22,793,OLARIA/RJ,12,25,27,36,62,69,80
2015-10-24,794,SAMPAIO CORRÊA/MA,7,25,31,42,65,71,76
2015-10-27,795,CRB/AL,13,16,17,22,31,52,56
2015-10-29,796,VILA NOVA/GO,6,23,25,53,61,64,75
2015-10-31,797,BOTAFOGO/RJ,6,34,58,61,63,69,71
2015-11-03,798,MOTO CLUBE/MA,3,9,17,69,72,78,79
2015-11-05,799,XV PIRACICABA/SP,1,24,60,63,65,76,77
2015-11-07,800,MOTO CLUBE/MA,6,18,24,27,45,51,64
2015-11-10,801,RIO BRANCO/ES,7,39,58,61,62,76,77
2015-11-13,802,RORAIMA/RR,7,14,20,28,32,34,47
2015-11-14,803,GAMA/DF,3,13,18,25,52,62,77
2015-11-17,804,ATLÉTICO/PR,1,6,11,14,22,38,49
2015-11-19,805,VITÓRIA/BA,13,21,31,39,51,57,62
2015-11-21,806,JOINVILLE/SC,17,20,56,59,67,74,79
2015-11-24,807,MARÍLIA/SP,12,19,20,21,30,60,67
2015-11-26,808,CORITIBA/PR,9,12,37,45,65,68,73
2015-11-28,809,SÃO CAETANO/SP,7,8,17,20,37,61,69
2015-12-01,810,OLARIA/RJ,8,28,47,66,71,74,80
2015-12-03,811,SANTOS/SP,3,18,23,27,59,62,80
2015-12-05,812,IPATINGA/MG,18,43,44,47,50,58,65
2015-12-08,813,FLUMINENSE/RJ,2,24,36,52,54,74,79
2015-12-10,814,RIO BRANCO/AC,8,28,49,51,58,75,76
2015-12-12,815,FLAMENGO/RJ,1,3,8,13,26,35,57
2015-12-15,816,VITÓRIA/BA,37,38,44,49,58,68,79
2015-12-17,817,SAMPAIO CORRÊA/MA,2,25,56,62,63,67,69
2015-12-19,818,SPORT/PE,2,15,23,26,40,61,67
2015-12-22,819,JI-PARANÁ / RO,20,34,48,60,65,72,80
2015-12-24,820,UNIÃO SÃO JOÃO/SP,19,32,57,62,67,73,78
2015-12-26,821,VITÓRIA/BA,4,17,46,67,68,70,72
2015-12-29,822,JI-PARANÁ / RO,11,12,13,31,32,63,80
2015-12-31,823,ATLÉTICO/PR,6,20,31,47,58,64,79
2016-01-05,824,SANTO ANDRE/SP,22,23,25,28,29,31,53
2016-01-07,825,RIO BRANCO/AC,6,10,20,33,36,63,67
2016-01-09,826,JUVENTUS/SP,6,10,11,12,37,52,54
2016-01-12,827,VILLA NOVA/MG,2,14,21,37,55,57,61
2016-01-14,828,FIGUEIRENSE/SC,24,25,28,37,53,70,78
2016-01-16,829,PALMAS/TO,1,19,41,47,56,65,72
2016-01-19,830,NÁUTICO/PE,1,19,25,29,43,63,76
2016-01-21,831,SÃO PAULO/SP,3,11,25,38,39,50,71
2016-01-23,832,UNIÃO SÃO JOÃO/SP,19,29,30,37,39,49,77
2016-01-26,833,P.  DESPORTOS/SP,14,18,28,54,55,61,72
2016-01-28,834,LONDRINA/PR,7,10,18,23,29,68,79
2016-01-30,835,CORITIBA/PR,10,14,23,25,41,67,74
2016-02-02,836,SÃO RAIMUNDO/AM,4,13,28,50,54,57,64
2016-02-04,837,CORITIBA/PR,4,34,35,46,52,66,73
2016-02-06,838,RIVER/PI,15,32,34,35,37,46,64
2016-02-11,839,SÃO RAIMUNDO/AM,21,22,23,31,36,65,67
2016-02-13,840,SAMPAIO CORRÊA/MA,1,23,38,50,58,70,77
2016-02-16,841,MIXTO/MT,12,19,43,49,57,60,72
2016-02-18,842,INTERNACIONAL/RS,3,11,13,35,50,71,74
2016-02-20,843,BOTAFOGO/RJ,3,4,6,36,39,52,80
2016-02-23,844,FLUMINENSE/RJ,18,21,41,52,60,66,77
2016-02-25,845,LONDRINA/PR,14,22,26,42,49,69,78
2016-02-27,846,JOINVILLE/SC,11,12,13,21,32,53,74
2016-03-01,847,JI-PARANÁ / RO,27,33,46,70,77,78,79
2016-03-03,848,UBERLÂNDIA/MG,15,27,28,34,54,69,71
2016-03-05,849,BRASILIENSE/DF,1,27,29,33,34,49,65
2016-03-08,850,VILA NOVA/GO,25,38,44,60,63,65,68
2016-03-10,851,BRASILIENSE/DF,8,9,12,46,60,63,68
2016-03-12,852,RIO BRANCO/AC,5,12,25,29,43,51,77
2016-03-15,853,VITÓRIA/BA,8,14,18,34,45,51,79
2016-03-17,854,MOTO CLUBE/MA,2,24,61,63,66,69,75
2016-03-19,855,BOTAFOGO/PB,1,7,33,43,56,73,78
2016-03-22,856,IPATINGA/MG,10,24,29,30,55,67,68
2016-03-24,857,JUVENTUS/SP,9,12,21,27,50,57,58
2016-03-26,858,VITÓRIA/BA,15,32,36,44,64,73,79
2016-03-29,859,RIO BRANCO/ES,13,25,27,53,70,77,79
2016-03-31,860,FLUMINENSE/RJ,1,5,23,27,52,59,61
2016-04-02,861,RIVER/PI,17,25,33,38,40,73,77
2016-04-05,862,"NACIONAL/AM",3,10,17,25,38,43,58
2016-04-07,863,TREZE/PB,25,28,34,54,61,66,79
2016-04-09,864,GOIÁS/GO,2,5,30,35,40,55,61
2016-04-12,865,BOTAFOGO/PB,13,14,24,29,54,63,65
2016-04-14,866,REMO/PA,11,12,14,20,23,48,61
2016-04-16,867,FLUMINENSE/RJ,3,5,17,32,46,59,75
2016-04-19,868,TREZE/PB,1,2,5,26,34,65,74
2016-04-23,869,CORINTHIANS/SP,5,7,14,28,30,47,74
2016-04-26,870,PONTE PRETA/SP,3,8,21,34,41,55,67
2016-04-28,871,CRB/AL,8,13,28,31,36,75,80
2016-04-30,872,REMO/PA,1,28,36,38,41,53,77
2016-05-03,873,TUNA LUSO/PA,2,3,8,14,21,44,58
2016-05-05,874,PAULISTA/SP,16,24,32,41,43,59,60
2016-05-07,875,VASCO DA GAMA/RJ,10,11,21,34,38,66,78
2016-05-10,876,GOIÁS/GO,3,36,37,56,59,69,72
2016-05-12,877,MIXTO/MT,12,44,54,59,69,72,79
2016-05-14,878,ABC/RN,16,19,44,52,59,69,80
2016-05-17,879,CSA/AL,13,25,29,41,45,47,51
2016-05-19,880,JOINVILLE/SC,6,31,50,51,58,68,80
2016-05-21,881,FLAMENGO/RJ,15,20,31,36,61,65,72
2016-05-24,882,UNIÃO BARBARENSE/SP,8,17,26,42,58,72,80
2016-05-28,883,RIO BRANCO/ES,26,32,51,52,60,68,69
2016-05-31,884,UNIÃO SÃO JOÃO/SP,28,32,35,71,72,73,74
2016-06-02,885,VILLA NOVA/MG,40,46,58,64,68,73,75
2016-06-04,886,AVAÍ/SC,2,20,42,56,59,65,70
2016-06-07,887,SERGIPE/SE,1,3,11,14,16,30,39
2016-06-09,888,AMÉRICA/RJ,14,17,43,45,47,52,67
2016-06-11,889,LONDRINA/PR,14,15,16,40,51,77,78
2016-06-14,890,AMÉRICA/RN,26,30,46,47,60,71,77
2016-06-16,891,UNIÃO BARBARENSE/SP,12,32,33,68,70,73,76
2016-06-18,892,FORTALEZA/CE,4,7,9,14,22,38,60
2016-06-21,893,IPATINGA/MG,2,42,43,45,51,75,77
2016-06-23,894,BOTAFOGO/RJ,3,10,20,23,24,73,79
2016-06-25,895,XV PIRACICABA/SP,5,23,44,51,62,64,79
2016-06-28,896,YPIRANGA/AP,10,33,35,57,62,69,79
2016-06-30,897,RIO BRANCO/ES,21,29,34,37,55,59,67
2016-07-02,898,CRUZEIRO/MG,13,21,22,31,33,49,79
2016-07-05,899,GUARANI/SP,2,3,15,28,55,63,67
2016-07-07,900,YPIRANGA/AP,2,14,23,33,52,55,65
2016-07-09,901,REMO/PA,7,15,33,38,72,77,80
2016-07-12,902,SÃO CAETANO/SP,9,17,21,25,30,46,58
2016-07-14,903,CSA/AL,6,25,26,28,36,45,66
2016-07-16,904,PONTE PRETA/SP,9,21,22,45,56,61,71
2016-07-19,905,INTERNACIONAL/RS,2,21,34,50,61,63,79
2016-07-21,906,AMÉRICA/MG,19,30,32,44,61,64,67
2016-07-23,907,SÃO PAULO/SP,17,22,25,34,42,65,79
2016-07-26,908,CRB/AL,13,35,45,56,72,73,77
2016-07-28,909,JUVENTUS/SP,1,5,25,28,44,54,80
2016-07-30,910,ATLÉTICO/MG,15,28,42,50,52,57,66
2016-08-02,911,ATLÉTICO/GO,6,12,19,58,64,69,73
2016-08-04,912,INTER LIMEIRA/SP,4,11,29,39,60,74,77
2016-08-06,913,FORTALEZA/CE,15,22,24,56,59,62,70
2016-08-09,914,ATLÉTICO/MG,6,7,41,50,51,55,65
2016-08-11,915,IPATINGA/MG,14,22,25,30,67,68,73
2016-08-13,916,TREZE/PB,3,21,66,69,73,75,78
2016-08-16,917,"NACIONAL/AM",20,28,37,46,55,70,75
2016-08-18,918,GRÊMIO/RS,22,39,49,52,58,67,75
2016-08-20,919,UNIÃO SÃO JOÃO/SP,5,12,30,56,57,63,80
2016-08-23,920,BOTAFOGO/PB,5,15,19,34,37,47,51
2016-08-25,921,BANGU/RJ,7,30,54,66,68,69,71
2016-08-27,922,BARUERI/SP,2,3,18,27,51,68,74
2016-08-30,923,AMÉRICA/RJ,10,25,31,45,50,70,72
2016-09-01,924,CRICIÚMA/SC,6,12,19,38,49,63,75
2016-09-03,925,VASCO DA GAMA/RJ,2,13,16,34,55,77,78
2016-09-06,926,FORTALEZA/CE,2,29,44,46,62,72,73
2016-09-08,927,FLUMINENSE/RJ,28,67,69,71,76,79,80
2016-09-10,928,AVAÍ/SC,1,6,45,49,50,63,72
2016-09-13,929,CRUZEIRO/MG,11,15,19,24,26,55,60
2016-09-15,930,FORTALEZA/CE,14,20,23,29,41,57,67
2016-09-17,931,OLARIA/RJ,15,17,28,43,56,68,69
2016-09-20,932,INTER LIMEIRA/SP,5,9,24,35,51,56,69
2016-09-22,933,BANGU/RJ,6,13,30,43,57,70,79
2016-09-24,934,UBERLÂNDIA/MG,2,22,34,49,54,62,63
2016-09-27,935,SANTO ANDRÉ/SP,7,11,12,39,40,52,77
2016-09-29,936,SÃO PAULO/SP,12,20,30,56,69,76,78
2016-10-01,937,JI-PARANÁ / RO,6,16,27,28,29,30,44
2016-10-04,938,BANGU/RJ,2,11,12,28,50,60,78
2016-10-06,939,BRASILIENSE/DF,3,6,7,8,18,36,56
2016-10-08,940,ATLÉTICO/GO,26,30,42,49,51,63,77
2016-10-11,941,BARUERI/SP,7,12,15,28,40,69,75
2016-10-13,942,JI-PARANÁ / RO,6,8,23,47,51,57,63
2016-10-15,943,SÃO CAETANO/SP,4,27,38,52,53,69,72
2016-10-18,944,XV PIRACICABA/SP,4,14,21,27,35,47,80
2016-10-20,945,"NACIONAL/AM",18,19,23,47,48,68,69
2016-10-22,946,PAULISTA/SP,5,12,33,37,64,66,69
2016-10-25,947,AMÉRICA/RN,19,26,35,45,48,55,64
2016-10-27,948,CORITIBA/PR,3,12,19,21,36,48,76
2016-10-29,949,PORTUGUESA DESPORTOS/SP,9,15,17,43,69,72,78
2016-11-01,950,MOTO CLUBE/MA,4,16,23,27,36,41,53
2016-11-03,951,AMÉRICA/RJ,1,12,29,47,53,62,76
2016-11-05,952,TUNA LUSO/PA,20,23,32,47,50,62,63
2016-11-08,953,UBERLÂNDIA/MG,1,10,16,48,65,73,74
2016-11-10,954,UNIÃO SÃO JOÃO/SP,7,31,35,46,56,60,70
2016-11-12,955,PAYSANDU/PA,17,35,41,42,61,68,75
2016-11-17,956,DESPORTIVA/ES,3,6,7,21,29,39,59
2016-11-19,957,ATLÉTICO/PR,8,13,18,42,56,62,66
2016-11-22,958,INTER LIMEIRA/SP,24,37,48,63,71,73,74
2016-11-24,959,BRAGANTINO/SP,5,8,21,28,30,38,55
2016-11-26,960,BOTAFOGO/RJ,15,33,35,54,67,72,80
2016-11-29,961,JI-PARANÁ / RO,9,10,31,42,48,49,66
2016-12-01,962,AMÉRICA/RN,7,28,41,49,63,79,80
2016-12-03,963,SERGIPE/SE,12,21,33,37,65,67,80
2016-12-06,964,PALMAS/TO,12,26,28,47,57,64,75
2016-12-08,965,PALMAS/TO,7,49,51,61,64,65,76
2016-12-10,966,CRB/AL,2,9,14,30,46,68,75
2016-12-13,967,SPORT/PE,4,11,17,36,45,58,77
2016-12-15,968,MIXTO/MT,16,46,48,54,62,64,67
2016-12-17,969,JI-PARANÁ / RO,13,20,32,40,52,62,70
2016-12-20,970,CRUZEIRO/MG,4,5,27,38,41,49,55
2016-12-22,971,CRB/AL,33,44,51,65,68,72,79
2016-12-24,972,REMO/PA,4,17,35,36,43,44,75
2016-12-27,973,REMO/PA,5,9,11,27,28,44,50
2016-12-29,974,FLAMENGO/RJ,13,20,35,44,50,56,75
2016-12-31,975,BRASILIENSE/DF,1,13,14,18,22,41,53
2017-01-03,976,ATLÉTICO/PR,3,39,41,42,48,71,76
2017-01-05,977,RIVER/PI,5,52,57,59,65,71,75
2017-01-07,978,INTERNACIONAL/RS,1,21,28,53,56,60,64
2017-01-10,979,BAHIA/BA,10,33,36,59,61,76,78
2017-01-12,980,PALMAS/TO,3,19,24,48,64,67,70
2017-01-14,981,BARUERI/SP,5,15,16,23,39,49,54
2017-01-17,982,JUVENTUS/SP,6,20,21,29,42,57,60
2017-01-19,983,BARUERI/SP,5,38,48,59,71,74,75
2017-01-21,984,BOTAFOGO/RJ,3,4,11,18,19,40,62
2017-01-24,985,RIO BRANCO/AC,1,10,11,13,36,49,66
2017-01-26,986,AMÉRICA/RJ,1,5,8,28,30,38,49
2017-01-28,987,BAHIA/BA,16,19,26,37,40,69,73
2017-01-31,988,DESPORTIVA/ES,1,26,34,56,59,65,70
2017-02-02,989,SANTOS/SP,8,12,46,51,53,63,72
2017-02-04,990,TUNA LUSO/PA,5,10,19,30,40,42,63
2017-02-07,991,UNIÃO BARBARENSE/SP,4,7,34,66,71,73,75
2017-02-09,992,PARANÁ/PR,22,30,38,47,57,70,78
2017-02-11,993,RIO BRANCO/AC,7,40,49,52,54,74,75
2017-02-14,994,BRAGANTINO/SP,5,14,20,65,66,69,80
2017-02-16,995,SANTO ANDRE/SP,2,27,29,39,47,71,80
2017-02-18,996,RIO BRANCO/ES,2,7,10,38,41,50,78
2017-02-21,997,MARÍLIA/SP,20,27,29,42,56,61,70
2017-02-23,998,RIVER/PI,18,26,31,54,55,76,80
2017-02-25,999,FLAMENGO/RJ,2,50,56,67,71,74,80
2017-03-02,1000,FLUMINENSE/RJ,11,22,32,41,43,47,80
2017-03-04,1001,PALMEIRAS/SP,19,24,39,62,71,72,74
2017-03-07,1002,INTER LIMEIRA/SP,11,28,34,39,44,49,50
2017-03-09,1003,BOTAFOGO/PB,11,29,39,61,65,67,73
2017-03-11,1004,RIO BRANCO/ES,1,14,22,31,38,51,67
2017-03-14,1005,BOTAFOGO/RJ,32,37,38,43,52,71,74
2017-03-16,1006,JOINVILLE/SC,13,20,22,33,44,72,79
2017-03-18,1007,CORITIBA/PR,3,35,38,49,65,71,75
2017-03-21,1008,SÃO RAIMUNDO/AM,7,19,24,42,45,59,65
2017-03-23,1009,JUVENTUDE/RS,38,51,66,68,69,74,80
2017-03-25,1010,P.  DESPORTOS/SP,10,23,26,40,52,53,71
2017-03-28,1011,GOIÁS/GO,15,25,30,40,50,57,79
2017-03-30,1012,SANTO ANDRE/SP,1,2,18,27,62,78,79
2017-04-01,1013,MOTO CLUBE/MA,2,17,28,31,32,63,68
2017-04-04,1014,ATLÉTICO/MG,18,31,37,47,50,70,71
2017-04-06,1015,AMERICANO/RJ,3,5,16,28,41,60,75
2017-04-08,1016,YPIRANGA/AP,5,13,38,44,46,63,74
2017-04-11,1017,LONDRINA/PR,8,15,19,47,67,71,73
2017-04-13,1018,ATLÉTICO/GO,4,9,24,29,37,45,61
2017-04-15,1019,SÃO  CAETANO/SP,2,3,13,18,24,28,44
2017-04-18,1020,BARUERI/SP,6,27,39,53,58,72,75
2017-04-20,1021,TUNA LUSO/PA,14,20,35,40,56,58,65
2017-04-22,1022,IPATINGA/MG,4,20,37,43,48,52,68
2017-04-25,1023,JUVENTUDE/RS,26,34,42,53,66,77,79
2017-04-27,1024,JUVENTUDE/RS,4,14,29,38,50,64,70
2017-04-29,1025,OPERARIO/MS,1,18,29,34,52,53,55
2017-05-02,1026,ITUANO/SP,17,51,53,68,74,77,78
2017-05-04,1027,CEARÁ/CE,11,15,51,61,62,72,77
2017-05-06,1028,VASCO DA GAMA/RJ,1,5,17,20,42,43,72
2017-05-09,1029,GAMA/DF,2,20,24,26,41,66,67
2017-05-11,1030,BOTAFOGO/PB,8,26,35,38,46,52,69
2017-05-13,1031,UNIÃO BARBARENSE/SP,3,12,20,23,34,49,62
2017-05-16,1032,INTERNACIONAL/RS,14,17,49,62,74,77,79
2017-05-18,1033,TREZE/PB,26,27,28,46,64,70,73
2017-05-20,1034,CRUZEIRO/MG,9,35,40,45,46,68,74
2017-05-23,1035,TUNA LUSO/PA,18,29,37,49,58,78,80
2017-05-25,1036,RIO BRANCO/AC,4,5,25,49,50,60,79
2017-05-27,1037,PALMEIRAS/SP,8,16,24,45,50,55,76
2017-05-30,1038,ATLÉTICO/MG,25,31,35,36,41,57,69
2017-06-01,1039,REMO/PA,20,21,31,37,49,62,68
2017-06-03,1040,RIO BRANCO/ES,5,7,19,40,64,72,75
2017-06-06,1041,RIO BRANCO/ES,6,8,12,47,67,69,79
2017-06-08,1042,SÃO PAULO/SP,2,17,37,70,71,74,79
2017-06-10,1043,MOTO CLUBE/MA,17,27,49,53,56,57,79
2017-06-13,1044,VILA NOVA/GO,2,23,35,49,58,63,71
2017-06-17,1045,GAMA/DF,19,45,49,50,68,74,78
2017-06-20,1046,AMÉRICA/RN,4,11,45,57,67,73,80
2017-06-22,1047,ITUANO/SP,6,15,23,32,57,62,76
2017-06-24,1048,NÁUTICO/PE,4,12,22,31,36,40,59
2017-06-27,1049,SANTOS/SP,7,11,31,47,65,67,77
2017-06-29,1050,SANTA CRUZ/PE,6,8,28,33,48,60,70
2017-07-01,1051,VASCO DA GAMA/RJ,4,22,24,64,66,77,78
2017-07-04,1052,XV PIRACICABA/SP,1,3,10,20,26,38,56
2017-07-06,1053,AMÉRICA/RJ,9,13,46,59,65,72,79
2017-07-08,1054,AMERICANO/RJ,14,20,22,25,27,45,69
2017-07-11,1055,YPIRANGA/AP,31,35,43,47,49,57,65
2017-07-13,1056,ABC/RN,9,29,30,45,46,51,73
2017-07-15,1057,PARANÁ/PR,5,9,16,29,33,53,76
2017-07-18,1058,GRÊMIO/RS,2,3,5,17,26,30,46
2017-07-20,1059,VITÓRIA/BA,6,14,16,25,36,44,62
2017-07-22,1060,YPIRANGA/AP,4,24,28,34,40,41,66
2017-07-25,1061,MARÍLIA/SP,2,10,13,23,28,34,44
2017-07-27,1062,CRB/AL,5,25,40,51,67,69,72
2017-07-29,1063,MIXTO/MT,6,26,34,42,44,70,74
2017-08-01,1064,VILLA NOVA/MG,6,8,16,25,29,49,70
2017-08-03,1065,JUVENTUS/SP,3,7,42,49,50,59,78
2017-08-05,1066,AMERICANO/RJ,16,18,21,38,41,48,54
2017-08-08,1067,JUVENTUS/SP,11,18,34,55,66,69,76
2017-08-10,1068,UNIÃO SÃO JOÃO/SP,5,6,18,19,28,38,69
2017-08-12,1069,SPORT/PE,2,11,19,37,43,64,72
2017-08-15,1070,OPERARIO/MS,13,20,33,38,41,53,72
2017-08-17,1071,GRÊMIO/RS,5,12,20,23,50,66,76
2017-08-19,1072,VILA NOVA/GO,3,34,38,46,71,76,79
2017-08-22,1073,GRÊMIO/RS,4,5,11,20,21,34,36
2017-08-24,1074,SANTO ANDRÉ/SP,8,32,38,72,74,79,80
2017-08-26,1075,BOTAFOGO/RJ,1,11,19,29,41,73,79
2017-08-29,1076,UNIÃO SÃO JOÃO/SP,4,50,57,67,73,76,78
2017-08-31,1077,"NACIONAL/AM",15,18,27,52,57,61,69
2017-09-02,1078,AVAÍ/SC,12,35,44,50,51,62,74
2017-09-05,1079,INTERNACIONAL/RS,3,26,34,46,61,73,75
2017-09-09,1080,CRUZEIRO/MG,3,27,38,43,51,61,68
2017-09-12,1081,LONDRINA/PR,2,22,23,32,43,46,70
2017-09-14,1082,VITÓRIA/BA,19,28,34,35,49,54,80
2017-09-16,1083,PAYSANDU/PA,3,39,40,47,62,75,80
2017-09-19,1084,BAHIA/BA,10,14,16,30,48,67,69
2017-09-21,1085,ATLÉTICO/PR,17,18,25,32,42,45,63
2017-09-23,1086,FIGUEIRENSE/SC,1,6,13,15,19,35,66
2017-09-26,1087,AMÉRICA/MG,12,28,37,44,59,66,75
2017-09-28,1088,CRICIÚMA/SC,5,49,53,58,63,68,69
2017-09-30,1089,VASCO DA GAMA/RJ,44,50,51,55,66,72,74
2017-10-03,1090,AMERICANO/RJ,10,16,25,32,44,54,73
2017-10-05,1091,SAMPAIO CORRÊA/MA,5,10,15,26,36,52,55
2017-10-07,1092,BRAGANTINO/SP,36,37,40,54,59,61,67
2017-10-10,1093,SANTA CRUZ/PE,1,33,44,46,52,60,67
2017-10-14,1094,CRICIÚMA/SC,19,37,40,41,64,78,79
2017-10-17,1095,SÃO RAIMUNDO/AM,5,13,14,34,46,51,67
2017-10-19,1096,PALMEIRAS/SP,12,24,60,68,70,71,74
2017-10-21,1097,UNIÃO SÃO JOÃO/SP,12,30,36,45,49,57,64
2017-10-24,1098,PALMAS/TO,1,4,19,25,37,45,62
2017-10-26,1099,CRB/AL,6,13,29,36,43,58,62
2017-10-28,1100,AVAÍ/SC,4,32,40,49,66,72,77
2017-10-31,1101,RIO BRANCO/AC,5,16,18,41,45,51,66
2017-11-04,1102,AMERICANO/RJ,11,12,29,30,35,38,71
2017-11-07,1103,RORAIMA/RR,19,36,40,47,60,67,73
2017-11-09,1104,TREZE/PB,1,19,34,55,56,58,68
2017-11-11,1105,PONTE PRETA/SP,35,36,38,40,50,57,74
2017-11-14,1106,CORITIBA/PR,13,17,24,29,38,42,53
2017-11-16,1107,OPERARIO/MS,4,7,22,28,31,39,76
2017-11-18,1108,CRB/AL,9,10,11,43,45,48,76
2017-11-21,1109,BRASILIENSE/DF,5,16,32,33,40,50,71
2017-11-23,1110,SÃO CAETANO/SP,4,24,42,55,72,77,78
2017-11-25,1111,AMÉRICA/RJ,13,28,31,57,63,66,71
2017-11-28,1112,RORAIMA/RR,5,23,26,28,44,51,69
2017-11-30,1113,PALMAS/TO,10,15,23,34,48,71,72
2017-12-02,1114,XV PIRACICABA/SP,8,31,33,41,45,67,73
2017-12-05,1115,AMÉRICA/RJ,5,9,24,38,46,50,51
2017-12-07,1116,UNIÃO SÃO JOÃO/SP,2,38,50,64,66,72,76
2017-12-09,1117,PAYSANDU/PA,7,15,22,53,61,73,75
2017-12-12,1118,ATLÉTICO/GO,5,19,23,36,55,57,71
2017-12-14,1119,XV PIRACICABA/SP,10,19,36,37,38,52,77
2017-12-16,1120,TREZE/PB,4,35,40,50,55,73,76
2017-12-19,1121,ATLÉTICO/GO,2,3,20,56,60,66,75
2017-12-21,1122,TUNA LUSO/PA,3,28,32,35,41,42,44
2017-12-23,1123,CORINTHIANS/SP,12,18,22,57,69,71,75
2017-12-26,1124,AMERICANO/RJ,1,9,14,34,41,45,72
2017-12-28,1125,MARÍLIA/SP,4,21,23,40,44,61,68
2017-12-30,1126,CORINTHIANS/SP,1,7,36,40,63,65,75
2018-01-04,1127,INTER LIMEIRA/SP,1,5,8,29,34,45,80
2018-01-06,1128,BOTAFOGO/RJ,20,24,27,53,75,76,80
2018-01-09,1129,SAMPAIO CORRÊA/MA,8,21,29,31,39,73,80
2018-01-11,1130,CRICIÚMA/SC,4,6,26,27,36,44,55
2018-01-13,1131,FORTALEZA/CE,7,20,30,37,49,50,53
2018-01-16,1132,CRB/AL,5,11,17,51,52,57,75
2018-01-18,1133,AMÉRICA/RN,3,11,28,29,37,47,72
2018-01-20,1134,VITÓRIA/BA,6,20,23,30,48,73,74
2018-01-23,1135,A B C/RN,4,28,31,36,45,56,61
2018-01-25,1136,PAULISTA/SP,4,11,16,21,39,50,51
2018-01-27,1137,BRAGANTINO/SP,15,22,24,47,52,72,79
2018-01-30,1138,MOTO CLUBE/MA,1,6,16,21,23,39,41
2018-02-01,1139,PALMAS/TO,2,19,42,54,56,69,72
2018-02-03,1140,"NACIONAL/AM",19,23,36,45,57,68,73
2018-02-06,1141,INTER LIMEIRA/SP,3,22,27,30,53,60,74
2018-02-08,1142,RORAIMA/RR,10,30,37,38,69,70,78
2018-02-10,1143,BOTAFOGO/PB,6,11,14,36,56,66,68
2018-02-15,1144,PARANÁ/PR,9,19,23,34,48,58,72
2018-02-17,1145,SERGIPE/SE,12,20,24,47,49,51,64
2018-02-20,1146,XV PIRACICABA/SP,4,6,12,26,39,48,63
2018-02-22,1147,REMO/PA,8,26,39,40,48,55,68
2018-02-24,1148,XV PIRACICABA/SP,9,10,44,53,56,68,70
2018-02-27,1149,FLUMINENSE/RJ,1,3,15,24,29,47,49
2018-03-01,1150,"NACIONAL/AM",3,19,21,33,37,64,65
2018-03-03,1151,GUARANI/SP,10,12,14,29,41,44,70
2018-03-06,1152,NÁUTICO/PE,12,16,33,52,55,71,77
2018-03-08,1153,PALMAS/TO,8,21,48,52,57,74,80
2018-03-10,1154,RIVER/PI,27,28,54,56,65,73,80
2018-03-13,1155,TREZE/PB,8,14,25,39,42,50,61
2018-03-15,1156,SPORT/PE,15,17,52,66,68,72,76
2018-03-17,1157,RIO BRANCO/AC,9,18,20,35,44,46,55
2018-03-20,1158,BARUERI/SP,9,21,22,31,44,50,58
2018-03-22,1159,CRB/AL,13,18,37,47,48,67,68
2018-03-24,1160,BRAGANTINO/SP,3,40,41,51,60,66,72
2018-03-27,1161,TREZE/PB,1,33,41,49,50,55,71
2018-03-29,1162,SÃO CAETANO/SP,19,20,24,40,48,57,61
2018-03-31,1163,AMERICANO/RJ,6,33,36,37,38,43,72
2018-04-03,1164,CRUZEIRO/MG,10,25,30,45,62,74,77
2018-04-05,1165,SANTO ANDRE/SP,12,22,27,41,56,65,68
2018-04-07,1166,RIO BRANCO/ES,23,35,39,50,51,52,74
2018-04-10,1167,RORAIMA/RR,9,21,37,60,67,71,76
2018-04-12,1168,AMÉRICA/MG,19,54,67,68,72,74,75
2018-04-14,1169,CRUZEIRO/MG,4,5,8,26,36,67,72
2018-04-17,1170,VILLA NOVA/MG,11,35,38,44,48,51,77
2018-04-19,1171,SANTO ANDRÉ/SP,9,12,22,26,27,43,58
2018-04-24,1172,UNIÃO BARBARENSE/SP,3,7,15,16,21,69,79
2018-04-26,1173,AMÉRICA/MG,2,3,4,5,8,62,75
2018-04-28,1174,RIO BRANCO/AC,3,12,21,27,58,61,69
2018-05-03,1175,AMÉRICA/RJ,6,11,38,40,50,71,78
2018-05-05,1176,PALMAS/TO,12,61,63,66,67,71,76
2018-05-08,1177,FLAMENGO/RJ,7,14,30,33,54,65,74
2018-05-10,1178,ABC/RN,15,35,37,38,43,66,69
2018-05-12,1179,CORITIBA/PR,5,21,32,33,57,60,79
2018-05-15,1180,SAMPAIO CORRÊA/MA,1,29,45,58,68,73,79
2018-05-17,1181,NÁUTICO/PE,8,34,37,44,48,72,80
2018-05-19,1182,MIXTO/MT,8,17,19,21,46,76,78
2018-05-22,1183,REMO/PA,4,10,17,53,55,70,77
2018-05-24,1184,AMERICANO/RJ,2,13,28,31,51,65,72
2018-05-26,1185,BARUERI/SP,13,21,30,51,52,58,66
2018-05-29,1186,INTERNACIONAL/RS,10,52,64,71,77,79,80
2018-06-02,1187,OPERARIO/MS,5,39,41,50,52,66,71
2018-06-05,1188,SÃO CAETANO/SP,25,41,53,61,67,76,78
2018-06-07,1189,BRAGANTINO/SP,19,26,35,37,51,60,69
2018-06-09,1190,"NACIONAL/AM",24,25,28,40,49,69,72
2018-06-12,1191,VILLA NOVA/MG,14,15,40,59,63,69,74
2018-06-14,1192,BRASILIENSE/DF,31,32,38,51,52,61,74
2018-06-16,1193,VASCO DA GAMA/RJ,23,27,52,54,57,66,71
2018-06-19,1194,CRB/AL,5,23,28,52,60,72,80
2018-06-21,1195,AMERICANO/RJ,6,9,13,38,56,61,75
2018-06-23,1196,AMÉRICA/MG,19,24,26,47,53,54,70
2018-06-26,1197,ATLÉTICO/GO,9,19,26,29,33,34,58
2018-06-28,1198,SÃO RAIMUNDO/AM,18,30,40,47,48,51,79
2018-06-30,1199,JUVENTUS/SP,10,22,24,29,30,34,36
2018-07-03,1200,SÃO PAULO/SP,15,53,58,62,65,74,77
2018-07-05,1201,SÃO  CAETANO/SP,18,24,26,33,36,52,54
2018-07-07,1202,SÃO CAETANO/SP,12,36,44,58,63,69,75
2018-07-10,1203,SAMPAIO CORRÊA/MA,11,24,31,44,50,57,62
2018-07-12,1204,BRASILIENSE/DF,5,29,32,39,51,65,70
2018-07-14,1205,PONTE PRETA/SP,7,23,29,54,69,70,75
2018-07-17,1206,PAULISTA/SP,5,8,13,41,48,49,69
2018-07-19,1207,ATLÉTICO/PR,4,35,41,43,48,53,56
2018-07-21,1208,AMERICANO/RJ,7,8,9,35,52,70,79
2018-07-24,1209,DESPORTIVA/ES,5,9,18,29,56,63,68
2018-07-26,1210,CRB/AL,7,12,31,56,61,65,79
2018-07-28,1211,UNIÃO BARBARENSE/SP,1,4,16,36,39,44,62
2018-07-31,1212,CRUZEIRO/MG,2,13,26,37,51,72,73
2018-08-02,1213,IPATINGA/MG,10,20,40,41,51,70,75
2018-08-04,1214,PAULISTA/SP,10,13,19,23,33,61,68
2018-08-07,1215,RIVER/PI,15,23,37,43,57,66,67
2018-08-09,1216,FLUMINENSE/RJ,15,16,22,36,50,71,79
2018-08-11,1217,VILA NOVA/GO,4,12,31,56,61,69,80
2018-08-14,1218,UBERLÂNDIA/MG,29,39,42,60,68,71,72
2018-08-16,1219,PAYSANDU/PA,1,3,22,34,38,48,62
2018-08-18,1220,OLARIA/RJ,10,18,35,46,56,69,73
2018-08-21,1221,OLARIA/RJ,12,19,47,48,58,67,70
2018-08-23,1222,RORAIMA/RR,14,17,36,37,42,46,52
2018-08-25,1223,AMÉRICA/MG,13,15,38,40,48,68,69
2018-08-28,1224,VITÓRIA/BA,6,18,30,40,45,55,72
2018-08-30,1225,CORITIBA/PR,14,17,24,31,59,60,77
2018-09-01,1226,"NACIONAL/AM",6,19,43,69,70,74,80
2018-09-04,1227,OPERARIO/MS,9,19,20,41,58,67,77
2018-09-06,1228,AMERICANO/RJ,5,6,9,32,35,65,80
2018-09-08,1229,ATLÉTICO/GO,13,21,31,45,48,55,65
2018-09-11,1230,BOTAFOGO/RJ,7,21,27,34,64,68,76
2018-09-13,1231,CRB/AL,9,15,34,38,39,43,78
2018-09-15,1232,INTER LIMEIRA/SP,26,56,57,60,61,62,79
2018-09-18,1233,PORTUGUESA DESPORTOS/SP,4,5,6,17,32,58,62
2018-09-20,1234,JUVENTUDE/RS,1,7,50,60,61,67,71
2018-09-22,1235,LONDRINA/PR,24,26,31,41,50,52,80
2018-09-25,1236,DESPORTIVA/ES,5,20,34,39,50,69,80
2018-09-27,1237,JI-PARANÁ / RO,5,29,46,49,56,75,79
2018-09-29,1238,MARÍLIA/SP,7,12,18,30,50,65,80
2018-10-02,1239,CORINTHIANS/SP,12,28,58,63,73,76,80
2018-10-04,1240,CRICIÚMA/SC,9,48,64,66,74,75,79
2018-10-06,1241,SANTOS/SP,8,23,50,61,66,70,74
2018-10-09,1242,PAULISTA/SP,16,30,42,46,49,65,73
2018-10-11,1243,TREZE/PB,11,17,29,41,44,47,77
2018-10-13,1244,BAHIA/BA,14,22,32,35,39,40,75
2018-10-16,1245,MIXTO/MT,21,27,30,37,42,66,69
2018-10-18,1246,JOINVILLE/SC,21,31,41,62,63,72,79
2018-10-20,1247,YPIRANGA/AP,1,27,45,50,65,69,71
2018-10-23,1248,VILLA NOVA/MG,21,22,28,63,66,70,73
2018-10-25,1249,CORITIBA/PR,23,25,33,62,63,74,76
2018-10-27,1250,BAHIA/BA,13,21,32,60,67,69,73
2018-10-30,1251,CRICIÚMA/SC,6,16,20,28,31,50,77
2018-11-01,1252,VILLA NOVA/MG,27,32,50,60,61,62,68
2018-11-03,1253,CORINTHIANS/SP,16,22,32,35,43,47,70
2018-11-06,1254,OLARIA/RJ,2,16,19,25,62,71,75
2018-11-08,1255,CRICIÚMA/SC,16,22,41,44,61,76,79
2018-11-10,1256,PARANÁ/PR,9,13,20,27,42,43,44
2018-11-13,1257,SÃO RAIMUNDO/AM,21,38,47,55,59,66,76
2018-11-17,1258,IPATINGA/MG,3,6,14,46,67,68,79
2018-11-20,1259,CSA/AL,19,25,32,48,71,76,79
2018-11-22,1260,SÃO PAULO/SP,18,34,38,60,73,76,77
2018-11-24,1261,SANTOS/SP,7,19,41,60,72,76,79
2018-11-27,1262,PONTE PRETA/SP,13,25,27,56,58,59,70
2018-11-29,1263,SERGIPE/SE,12,30,31,52,58,64,71
2018-12-01,1264,ABC/RN,4,8,44,47,57,59,63
2018-12-04,1265,…,1,9,26,31,60,62,68
2018-12-06,1266,BOTAFOGO/RJ,13,14,17,34,46,60,70
2018-12-08,1267,BOTAFOGO/RJ,13,26,36,57,60,61,74
2018-12-11,1268,RORAIMA/RR,7,17,43,45,65,70,72
2018-12-13,1269,BOTAFOGO/PB,11,18,41,44,49,77,80
2018-12-15,1270,CORINTHIANS/SP,8,19,27,33,46,68,77
2018-12-18,1271,VITÓRIA/BA,16,20,30,37,66,68,72
2018-12-20,1272,PALMEIRAS/SP,18,21,28,33,41,44,76
2018-12-22,1273,FIGUEIRENSE/SC,1,3,48,58,61,63,67
2018-12-27,1274,GAMA/DF,14,49,51,58,63,66,76
2018-12-29,1275,CEARÁ/CE,4,14,19,20,30,46,72
2019-01-03,1276,NÁUTICO/PE,3,6,11,13,35,45,55
2019-01-05,1277,AMÉRICA/MG,20,29,31,42,47,48,67
2019-01-08,1278,RIVER/PI,2,3,16,29,31,49,63
2019-01-10,1279,RIO BRANCO/ES,5,6,11,29,31,49,65
2019-01-12,1280,REMO/PA,1,6,48,50,51,52,67
2019-01-15,1281,REMO/PA,8,26,54,58,59,74,76
2019-01-17,1282,FLUMINENSE/RJ,10,30,32,57,60,67,76
2019-01-19,1283,PONTE PRETA/SP,5,15,50,57,60,62,72
2019-01-22,1284,UBERLÂNDIA/MG,14,16,18,58,61,71,79
2019-01-24,1285,SAMPAIO CORRÊA/MA,10,13,23,26,31,33,55
2019-01-26,1286,SÃO RAIMUNDO/AM,2,27,33,44,48,72,78
2019-01-29,1287,VILLA NOVA/MG,8,18,39,42,44,51,62
2019-01-31,1288,VASCO/RJ,9,10,32,33,52,53,56
2019-02-02,1289,PONTE PRETA/SP,8,9,34,51,53,57,76
2019-02-05,1290,AVAÍ/SC,23,35,48,61,74,75,79
2019-02-07,1291,…,9,26,35,42,58,66,77
2019-02-09,1292,VASCO DA GAMA/RJ,6,18,20,32,40,70,79
2019-02-12,1293,…,17,27,28,30,70,72,75
2019-02-14,1294,BAHIA/BA,1,11,14,33,56,60,66
2019-02-16,1295,BARUERI/SP,4,28,58,60,74,78,80
2019-02-19,1296,CEARÁ/CE,4,22,26,36,50,68,72
2019-02-21,1297,CRB/AL,10,16,29,62,65,79,80
2019-02-23,1298,IPATINGA/MG,2,31,35,36,51,52,53
2019-02-26,1299,SANTOS/SP,2,15,20,45,63,68,80
2019-02-28,1300,PAYSANDU/PA,3,6,12,14,16,33,47
2019-03-02,1301,SAMPAIO CORRÊA/MA,15,43,46,49,68,73,80
2019-03-07,1302,CRUZEIRO/MG,3,23,33,36,39,49,67
2019-03-09,1303,SPORT/PE,12,28,42,45,47,55,75
2019-03-12,1304,RIO BRANCO/ES,5,11,19,20,27,54,60
2019-03-14,1305,XV PIRACICABA/SP,10,16,26,35,52,60,62
2019-03-16,1306,AMÉRICA/RJ,1,2,20,40,46,49,70
2019-03-19,1307,UNIÃO BARBARENSE/SP,11,17,26,29,32,40,70
2019-03-21,1308,BARUERI/SP,12,24,36,43,46,52,77
2019-03-23,1309,IPATINGA/MG,21,28,32,34,58,72,78
2019-03-26,1310,P.  DESPORTOS/SP,12,15,23,25,34,51,64
2019-03-28,1311,MARÍLIA/SP,14,15,31,35,49,73,76
2019-03-30,1312,TREZE/PB,8,12,17,19,41,56,73
2019-04-02,1313,VILLA NOVA/MG,16,21,24,41,48,54,58
2019-04-04,1314,MARÍLIA/SP,2,41,44,56,58,66,69
2019-04-06,1315,ATLÉTICO/MG,1,13,22,24,39,73,75
2019-04-09,1316,TUNA LUSO/PA,7,10,12,30,41,67,70
2019-04-11,1317,TREZE/PB,22,29,30,39,42,64,70
2019-04-13,1318,SÃO RAIMUNDO/AM,9,13,39,57,66,70,77
2019-04-16,1319,VILLA NOVA/MG,5,9,30,41,57,58,79
2019-04-18,1320,LONDRINA/PR,19,39,46,51,63,66,69
2019-04-20,1321,INTER LIMEIRA/SP,7,10,21,35,62,63,65
2019-04-23,1322,JI-PARANÁ / RO,5,12,21,51,54,58,73
2019-04-25,1323,RIVER/PI,9,12,21,24,54,62,64
2019-04-27,1324,ABC/RN,17,21,36,42,49,69,76
2019-04-30,1325,BANGU/RJ,4,5,6,22,40,62,63
2019-05-02,1326,AVAÍ/SC,2,16,20,22,31,40,74
2019-05-04,1327,MOTO CLUBE/MA,20,33,45,57,61,62,63
2019-05-08,1328,VITÓRIA/BA,3,11,29,49,52,59,67
2019-05-09,1329,ITUANO/SP,32,42,50,52,59,64,69
2019-05-11,1330,GOIÁS/GO,2,39,45,50,53,66,77
2019-05-14,1331,SPORT/PE,10,20,24,29,43,55,76
2019-05-16,1332,AMÉRICA/RJ,7,19,20,64,65,71,80
2019-05-18,1333,AMÉRICA/MG,10,36,64,71,75,76,80
2019-05-21,1334,CEARÁ/CE,1,6,20,21,49,50,54
2019-05-23,1335,FLUMINENSE/RJ,2,28,36,49,64,70,80
2019-05-25,1336,SÃO RAIMUNDO/AM,2,9,16,20,42,45,47
2019-05-28,1337,UNIÃO BARBARENSE/SP,12,18,35,49,56,59,80
2019-05-30,1338,VITÓRIA/BA,21,35,47,54,55,58,59
2019-06-01,1339,VITÓRIA/BA,8,15,36,41,51,66,67
2019-06-04,1340,PALMEIRAS/SP,21,43,44,51,59,65,73
2019-06-06,1341,MOTO CLUBE/MA,13,16,28,42,44,50,77
2019-06-08,1342,AMÉRICA/RN,6,13,20,54,56,58,65
2019-06-11,1343,PAULISTA/SP,7,34,53,54,64,73,75
2019-06-13,1344,ITUANO/SP,6,22,33,61,65,66,76
2019-06-15,1345,VITÓRIA/BA,12,23,35,39,65,73,80
2019-06-18,1346,INTERNACIONAL/RS,2,5,33,34,38,40,44
2019-06-22,1347,CSA/AL,22,38,41,44,51,52,70
2019-06-25,1348,JI-PARANÁ / RO,1,25,47,59,68,69,72
2019-06-27,1349,TREZE/PB,14,15,20,21,37,41,74
2019-06-29,1350,GOIÁS/GO,25,26,42,50,68,69,70
2019-07-02,1351,DESPORTIVA/ES,14,19,28,30,44,64,76
2019-07-04,1352,CRICIÚMA/SC,6,9,15,28,31,60,67
2019-07-06,1353,TUNA LUSO/PA,1,20,34,35,38,64,65
2019-07-09,1354,SÃO PAULO/SP,1,8,29,30,31,36,79
2019-07-11,1355,GOIÁS/GO,4,10,21,40,61,68,71
2019-07-13,1356,RIVER/PI,8,31,40,43,49,50,70
2019-07-16,1357,GUARANI/SP,11,16,29,32,35,65,67
2019-07-18,1358,SÃO CAETANO/SP,15,20,38,61,66,67,68
2019-07-20,1359,SÃO RAIMUNDO/AM,1,41,43,53,69,71,72
2019-07-23,1360,SANTA CRUZ/PE,4,18,54,63,66,74,75
2019-07-25,1361,BAHIA/BA,33,35,37,43,62,65,79
2019-07-27,1362,CRICIÚMA/SC,11,14,38,47,49,54,80
2019-07-30,1363,SANTA CRUZ/PE,6,9,28,32,35,56,59
2019-08-01,1364,CORINTHIANS/SP,1,26,27,32,38,55,61
2019-08-03,1365,XV PIRACICABA/SP,6,13,36,45,50,55,74
2019-08-06,1366,CORITIBA/PR,17,35,38,60,64,73,77
2019-08-08,1367,ATLÉTICO/GO,7,38,50,53,65,73,80
2019-08-10,1368,ATHLÉTICO/PR,21,39,50,55,64,71,78
2019-08-13,1369,DESPORTIVA/ES,3,7,8,50,63,70,71
2019-08-15,1370,VITÓRIA/BA,21,30,39,40,41,70,76
2019-08-17,1371,CSA/AL,7,23,40,45,51,70,78
2019-08-20,1372,IPATINGA/MG,4,7,8,50,61,69,77
2019-08-22,1373,FORTALEZA/CE,5,21,23,53,59,62,64
2019-08-24,1374,VILA NOVA/GO,6,12,43,51,61,62,65
2019-08-27,1375,ITUANO/SP,8,15,44,54,55,59,60
2019-08-29,1376,INTER LIMEIRA/SP,3,4,35,37,60,74,75
2019-08-31,1377,VILA NOVA/GO,8,32,43,52,53,59,79
2019-09-03,1378,XV PIRACICABA/SP,3,5,15,44,49,55,70
2019-09-05,1379,JOINVILLE/SC,15,35,37,46,47,49,58
2019-09-10,1380,SANTOS/SP,19,22,40,44,51,56,65
2019-09-12,1381,UBERLÂNDIA/MG,12,14,30,54,55,62,80
2019-09-14,1382,CRUZEIRO/MG,33,38,43,45,49,53,80
2019-09-17,1383,U.BARBARENSE/SP,32,33,37,41,46,57,63
2019-09-19,1384,AMÉRICA/RN,4,16,17,27,31,54,56
2019-09-21,1385,"NACIONAL/AM",14,22,25,41,51,63,78
2019-09-24,1386,FLUMINENSE/RJ,1,9,32,39,61,73,79
2019-09-26,1387,ATLÉTICO/GO,7,26,28,29,34,65,69
2019-09-28,1388,TREZE/PB,14,27,31,42,47,59,66
2019-10-01,1389,PAULISTA/SP,1,15,21,23,24,57,79
2019-10-03,1390,…,15,43,52,60,62,65,77
2019-10-05,1391,…,9,11,39,51,61,72,76
2019-10-08,1392,…,3,13,33,34,45,47,63
2019-10-10,1393,…,16,31,44,48,56,62,70
2019-10-15,1394,…,3,6,12,32,46,59,80
2019-10-17,1395,…..,1,13,51,52,55,58,71
2019-10-19,1396,…,7,31,34,39,61,68,72
2019-10-22,1397,…,1,2,29,56,58,65,74
2019-10-24,1398,…,5,22,25,40,61,66,76
2019-10-26,1399,…,4,15,29,39,52,66,70
2019-10-29,1400,MARÍLIA/SP,2,5,22,35,51,62,76
2019-10-31,1401,SÃO RAIMUNDO/AM,9,12,28,55,57,69,77
2019-11-05,1402,REMO/PA,6,31,49,55,58,62,69
2019-11-07,1403,…,13,16,25,48,52,57,68
2019-11-09,1404,CRUZEIRO/MG,2,21,28,56,58,69,71
2019-11-12,1405,…,12,22,63,65,66,69,73
2019-11-14,1406,REMO/PA,46,49,54,64,68,75,80
2019-11-16,1407,AVAÍ/SC,9,14,27,39,42,51,77
2019-11-19,1408,PALMEIRAS/SP,6,12,19,46,48,52,76
2019-11-21,1409,…,8,16,24,51,54,72,79
2019-11-23,1410,…,37,38,39,42,63,69,71
2019-11-26,1411,GRÊMIO/RS,22,27,35,55,62,64,74
2019-11-28,1412,GOIÁS/GO,3,19,38,43,46,64,68
2019-11-30,1413,GOIÁS/GO,3,25,28,45,50,67,77
2019-12-03,1414,FIGUEIRENSE/SC,11,25,27,37,38,51,75
2019-12-05,1415,…,30,31,34,40,45,66,78
2019-12-07,1416,SANTA CRUZ/PE,4,9,20,21,40,43,79
2019-12-10,1417,FORTALEZA/CE,5,8,18,42,45,46,53
2019-12-12,1418,PONTE PRETA/SP,11,15,30,52,59,70,76
2019-12-14,1419,…,13,49,54,55,57,63,69
2019-12-17,1420,…,2,4,8,45,65,75,76
2019-12-19,1421,ATLÉTICO/MG.,9,17,32,38,45,53,72
2019-12-21,1422,…,4,12,30,42,58,65,75
2019-12-24,1423,BAHIA/BA,11,15,19,35,52,56,75
2019-12-26,1424,AVAÍ/SC,2,6,17,30,32,37,61
2019-12-28,1425,BAHIA/BA,21,27,34,55,65,68,70
2019-12-30,1426,PAYSANDU/PA,32,33,35,42,56,67,70
2020-01-03,1427,…….,11,15,26,47,50,71,79
2020-01-04,1428,…,1,17,19,37,44,45,50
2020-01-07,1429,…,1,53,55,67,68,77,78
2020-01-09,1430,SANTOS/SP,10,18,43,48,51,61,80
2020-01-11,1431,…,24,25,37,44,49,54,59
2020-01-14,1432,…,7,26,46,48,50,64,78
2020-01-16,1433,…,8,35,42,53,61,69,78
2020-01-18,1434,IPATINGA/MG,26,33,50,51,69,77,78
2020-01-21,1435,GRÊMIO/RS,2,8,15,22,39,52,73
2020-01-23,1436,JOINVILLE/SC,7,12,13,18,64,68,78
2020-01-25,1437,DESPORTIVA/ES,15,17,26,30,46,58,80
2020-01-28,1438,SÃO RAIMUNDO/AM,8,11,18,34,41,61,66
2020-01-30,1439,…,2,26,27,30,43,49,60
2020-02-01,1440,CRB/AL,3,29,43,51,66,68,71
2020-02-04,1441,PONTE PRETA/SP,20,26,35,36,41,64,70
2020-02-06,1442,…,11,17,22,34,61,64,80
2020-02-08,1443,BRAGANTINO/SP,4,25,26,44,46,59,64
2020-02-11,1444,…….,1,10,21,27,36,59,61
2020-02-13,1445,…,17,23,24,26,44,70,71
2020-02-15,1446,OLARIA/RJ,9,18,35,48,70,76,79
2020-02-18,1447,INTER LIMEIRA/SP,3,7,14,46,62,71,80
2020-02-20,1448,…………,3,7,56,69,71,73,74
2020-02-22,1449,RIVER/PI,1,6,9,17,26,39,66
2020-02-26,1450,SAMP.CORRÊA/MA,11,20,24,56,57,60,68
2020-02-27,1451,GAMA/DF,13,38,48,57,62,66,69
2020-02-29,1452,…,3,14,16,17,54,70,78
2020-03-03,1453,CRB/AL,18,35,36,43,47,48,70
2020-03-05,1454,…,7,16,28,35,64,73,78
2020-03-07,1455,REMO/PA,5,46,52,61,62,75,80
2020-03-10,1456,UBERLÂNDIA/MG,1,4,11,25,36,50,78
2020-03-12,1457,U.BARBARENSE/SP,6,11,19,20,23,27,78
2020-03-14,1458,RIVER/PI,14,26,43,53,65,70,72
2020-03-17,1459,UBERLÂNDIA/MG,33,47,50,58,69,72,80
2020-03-19,1460,…,7,11,26,37,45,77,80
2020-03-21,1461,BRAGANTINO/SP,16,29,55,57,69,74,75
2020-03-24,1462,"NACIONAL/AM",36,51,53,54,58,59,70
2020-03-26,1463,RORAIMA/RR,2,5,7,22,39,43,70
2020-03-28,1464,"NACIONAL/AM",3,12,22,32,63,64,76
2020-03-31,1465,RIO BRANCO/AC,6,31,46,50,54,65,75
2020-04-02,1466,XV PIRACICABA/SP,4,24,37,62,64,73,79
2020-04-04,1467,…,1,17,24,29,50,58,62
2020-04-07,1468,"NACIONAL/AM",21,27,35,43,44,72,80
2020-04-09,1469,PALMAS/TO,8,14,17,21,36,39,46
2020-04-11,1470,PORT.DESPORT/SP,3,13,14,37,50,51,77
2020-04-14,1471,JOINVILLE/SC,22,23,29,62,76,79,80
2020-04-16,1472,RIO BRANCO/ES,5,10,21,23,24,39,64
2020-04-18,1473,CSA/AL,8,13,18,37,43,54,70
2020-04-20,1474,…,8,19,30,31,33,53,80
2020-04-23,1475,U.BARBARENSE/SP,4,9,29,32,40,50,66
2020-04-25,1476,…,2,5,17,38,51,72,75
2020-04-28,1477,…,12,24,25,46,57,66,73
2020-04-30,1478,GUARANI/SP,19,21,32,33,42,45,66
2020-05-02,1479,FORTALEZA/CE,2,5,13,18,22,26,72
2020-05-05,1480,CSA/AL,4,11,14,18,52,65,75
2020-05-07,1481,PAYSANDÚ/PA,6,20,24,33,48,61,79
2020-05-09,1482,…,12,18,27,28,34,60,67
2020-05-12,1483,…,2,9,14,28,32,37,53
2020-05-14,1484,…,10,23,45,47,71,73,75
2020-05-16,1485,TREZE/PB,14,23,30,45,74,76,79
2020-05-19,1486,…,18,22,26,37,49,58,70
2020-05-21,1487,…,1,23,46,48,65,66,73
2020-05-23,1488,…,13,33,36,41,56,74,76
2020-05-26,1489,…,2,11,13,16,18,31,56
2020-05-28,1490,…,3,4,28,34,55,65,66
2020-05-30,1491,…,10,22,29,57,70,75,78
2020-06-02,1492,…,9,13,17,20,25,50,73
2020-06-04,1493,UNIÃO S.JOÃO/SP,9,27,30,42,56,63,64
2020-06-06,1494,CRICIÚMA/SC,3,8,11,52,58,59,67
2020-06-09,1495,JUVENTUS/SP,18,40,50,52,53,60,68
2020-06-12,1496,ABC/RN,9,25,27,48,56,68,73
2020-06-13,1497,PAYSANDÚ/PA,4,11,22,34,40,45,69
2020-06-16,1498,…,16,23,41,59,65,72,79
2020-06-18,1499,…,33,38,52,56,66,67,80
2020-06-20,1500,BARUERI/SP,1,5,9,22,26,44,57
2020-06-23,1501,VASCO/RJ,21,25,51,60,62,71,73
2020-06-25,1502,PALMAS/TO,12,26,27,37,42,52,62
2020-06-27,1503,GRÊMIO/RS,3,10,19,27,30,43,73
2020-06-30,1504,VASCO/RJ,3,16,30,39,41,47,61
2020-07-02,1505,FLUMINENSE/RJ,19,22,25,49,65,79,80
2020-07-04,1506,…,4,31,37,46,51,58,61
2020-07-07,1507,…,3,7,17,26,58,66,73
2020-07-09,1508,PAYSANDU/PA,11,13,16,46,49,64,80
2020-07-11,1509,FIGUEIRENSE/SC,16,31,34,44,49,50,78
2020-07-14,1510,REMO/PA,17,32,50,53,57,65,79
2020-07-16,1511,CEARÁ/CE,23,47,48,64,68,76,77
2020-07-18,1512,JUVENTUDE/RS,28,32,34,41,46,58,71
2020-07-21,1513,CEARÁ/CE,12,37,38,50,55,75,76
2020-07-23,1514,VILA NOVA/GO,5,21,26,41,47,75,80
2020-07-25,1515,…,21,32,34,40,46,48,73
2020-07-28,1516,FIGUEIRENSE/SC,16,25,27,56,65,71,73
2020-07-30,1517,U.BARBARENSE/SP,25,26,43,50,51,67,73
2020-08-01,1518,FLUMINENSE/RJ,17,37,42,44,55,63,79
2020-08-04,1519,PALMEIRAS/SP,2,10,18,34,47,61,75
2020-08-06,1520,RORAIMA/RR,11,14,20,50,54,57,74
2020-08-08,1521,UBERLÂNDIA/MG,4,9,46,55,62,78,79
2020-08-11,1522,SANTA CRUZ/PE,17,40,46,55,58,64,69
2020-08-13,1523,SERGIPE/SE,21,45,51,53,62,64,75
2020-08-15,1524,TREZE/PB,17,22,24,26,45,66,74
2020-08-18,1525,CRICIÚMA/SC,13,33,47,48,52,69,77
2020-08-20,1526,ATHLÉTICO/PR,6,10,29,32,39,40,55
2020-08-22,1527,PAYSANDU/PA,7,12,33,46,48,53,54
2020-08-25,1528,CRICIÚMA/SC,33,34,39,41,48,51,67
2020-08-27,1529,PONTE PRETA/SP,2,4,16,39,43,69,77
2020-08-29,1530,RIVER/PI,19,22,29,43,67,71,76
2020-09-01,1531,VASCO/RJ,10,12,19,21,23,36,43
2020-09-03,1532,MIXTO/MT,7,20,35,49,60,61,72
2020-09-05,1533,SÃO RAIMUNDO/AM,1,17,34,41,60,70,75
2020-09-08,1534,FIGUEIRENSE/SC,1,8,17,47,75,78,79
2020-09-10,1535,YPIRANGA/AP,4,6,20,38,52,62,80
2020-09-12,1536,GOIÁS/GO,8,9,25,32,46,70,77
2020-09-15,1537,UBERLÂNDIA/MG,3,10,15,30,43,52,80
2020-09-17,1538,VASCO DA GAMA/RJ,5,23,39,52,58,59,77
2020-09-19,1539,VASCO DA GAMA/RJ,8,23,26,31,44,59,78
2020-09-22,1540,RIO BRANCO/ES,15,49,55,59,61,76,77
2020-09-24,1541,CRICIÚMA/SC,4,7,21,45,72,79,80
2020-09-26,1542,AMÉRICA/RJ,7,11,37,44,47,66,74
2020-09-29,1543,OPERÁRIO/MS,14,17,26,34,38,49,80
2020-10-01,1544,RIVER/PI/STRONG>,3,10,16,22,24,25,40
2020-10-03,1545,BAHIA/BA,20,36,55,62,72,74,76
2020-10-06,1546,BOTAFOGO/PB,3,16,19,25,37,39,67
2020-10-08,1547,BANGU/RJ,3,10,12,18,21,26,41
2020-10-10,1548,TREZE/PB,18,28,30,38,50,55,73
2020-10-13,1549,BOTAFOGO/RJ,21,28,30,49,54,59,76
2020-10-15,1550,JI-PARANÁ / RO,3,39,41,53,60,66,70
2020-10-17,1551,RIO BRANCO/AC,3,9,23,33,36,41,51
2020-10-20,1552,PAYSANDU/PA,12,26,48,67,71,77,80
2020-10-22,1553,UNIÃO S.JOÃO/SP,3,13,28,39,50,72,73
2020-10-24,1554,….,1,10,14,25,47,48,50
2020-10-27,1555,AMÉRICA/RN,2,7,42,57,63,64,67
2020-10-29,1556,CSA/AL,7,8,13,15,19,26,72
2020-10-31,1557,AMERICANO/RJ,4,19,27,49,52,56,79
2020-11-03,1558,…..,7,8,17,18,21,39,40
2020-11-05,1559,GUARANI/SP,7,15,24,34,45,63,79
2020-11-07,1560,IPATINGA/MG,22,23,31,40,41,64,73
2020-11-10,1561,GAMA/DF,11,15,17,20,48,51,71
2020-11-12,1562,PAYSANDU/PA,31,32,41,47,57,66,73
2020-11-14,1563,MOTO CLUBE/MA,6,17,21,33,44,53,64
2020-11-17,1564,PALMAS/TO,19,28,35,40,43,74,75
2020-11-19,1565,AMÉRICA/RJ,6,9,31,32,48,57,72
2020-11-21,1566,PONTE PRETA/SP,2,21,28,42,68,69,74
2020-11-24,1567,INTER LIMEIRA/SP,29,32,34,36,47,67,79
2020-11-26,1568,CRUZEIRO/MG,15,31,40,45,61,68,78
2020-11-28,1569,PALMAS/TO,8,10,17,31,32,34,63
2020-12-01,1570,PAULISTA/SP,2,4,18,27,29,45,63
2020-12-03,1571,AMÉRICA/MG,6,36,39,43,44,71,77
2020-12-05,1572,TREZE/PB,36,50,52,56,64,72,75
2020-12-08,1573,BARUERI/SP,12,18,21,34,47,57,72
2020-12-10,1574,ATLÉTICO/MG,3,13,17,27,37,54,59
2020-12-12,1575,BOTAFOGO/PB,2,9,32,48,63,65,67
2020-12-15,1576,PALMAS/TO,5,10,13,22,48,54,73
2020-12-17,1577,MIXTO/MT,21,29,34,38,46,60,77
2020-12-19,1578,CSA/AL,3,17,37,50,56,59,73
2020-12-22,1579,S.RAIMUNDO/AM,3,15,34,48,53,71,76
2020-12-24,1580,CRUZEIRO/MG,7,25,28,34,48,55,61
2020-12-26,1581,ATLÉTICO/MG,6,7,31,42,49,53,60
2020-12-29,1582,VITÓRIA/BA,14,18,23,29,41,49,54
2020-12-31,1583,JUVENTUDE/RS,1,4,32,59,62,71,79
2021-01-05,1584,RORAIMA/RR,1,22,28,62,64,67,78
2021-01-07,1585,PORT.DESP/SP,2,22,34,44,58,64,74
2021-01-09,1586,SPORT/PE,6,28,29,35,55,75,80
2021-01-12,1587,VASCO DA GAMA/RJ,17,22,30,34,37,42,59
2021-01-14,1588,VASCO DA GAMA/RJ,3,11,12,23,36,67,78
2021-01-16,1589,SPORT/PE,3,15,17,25,27,72,75
2021-01-19,1590,DESPORTIVA/ES,2,19,21,27,28,56,65
2021-01-21,1591,GRÊMIO/RS,1,8,9,11,12,21,24
2021-01-23,1592,FIGUEIRENSE/SC,5,21,32,49,55,60,61
2021-01-26,1593,OLARIA/RJ,16,21,26,31,38,59,68
2021-01-28,1594,BANGU/RJ,25,29,33,41,45,58,77
2021-01-30,1595,YPIRANGA/SE,5,14,26,42,50,72,80
2021-02-02,1596,PAULISTA/SP,10,32,35,53,63,68,77
2021-02-04,1597,REMO/PA,13,19,46,61,65,75,79
2021-02-06,1598,REMO/PA,2,29,46,53,61,64,65
2021-02-09,1599,INTER LIMEIRA/SP,16,23,34,51,61,63,73
2021-02-11,1600,TREZE/PB,11,21,32,34,44,72,74
2021-02-13,1601,JI-PARANÁ/RO,5,14,21,45,54,68,77
2021-02-18,1602,ATLÉTICO/GO,15,18,27,45,49,51,78
2021-02-20,1603,BANGU/RJ,17,22,37,39,45,51,70
2021-02-23,1604,VILLA NOVA/MG,39,56,57,59,70,74,75
2021-02-25,1605,TREZE/PB,26,27,34,39,58,64,76
2021-02-27,1606,AMÉRICA/MG,15,42,48,49,62,69,76
2021-03-02,1607,SANTA CRUZ/PE,14,25,31,33,45,70,75
2021-03-04,1608,MARÍLIA/SP,13,32,33,36,37,68,79
2021-03-06,1609,S.RAIMUNDO/AM,8,20,33,46,58,63,77
2021-03-09,1610,CRB/AL,2,3,41,51,57,71,73
2021-03-11,1611,S.RAIMUNDO/AM,7,17,20,28,29,38,39
2021-03-13,1612,VASCO DA GAMA/RJ,3,6,37,38,55,56,77
2021-03-16,1613,CORITIBA/PR,7,9,11,12,45,53,61
2021-03-18,1614,SANTO ANDRE/SP,7,20,47,57,65,73,78
2021-03-20,1615,AVAÍ/SC,7,18,32,50,63,72,80
2021-03-23,1616,PORTUGUESA DESPORTOS/SP,7,25,41,44,57,65,71
2021-03-25,1617,AVAÍ/SC,5,22,27,31,54,71,74
2021-03-27,1618,CORITIBA/PR,7,11,22,27,35,43,46
2021-03-30,1619,SANTO ANDRÉ/SP,5,10,26,52,57,63,78
2021-04-01,1620,JOINVILLE/SC,2,13,20,24,42,67,76
2021-04-03,1621,AVAÍ/SC,5,14,48,58,62,63,67
2021-04-06,1622,YPIRANGA/AP,15,25,33,38,48,63,74
2021-04-10,1624,JOINVILLE/SC,13,15,17,28,38,41,74
2021-04-13,1625,LONDRINA/PR,24,41,44,69,70,71,80
2021-04-15,1626,IPATINGA/MG,4,12,22,34,41,45,71
2021-04-17,1627,PORTUGUESA DESPORTOS/SP,1,35,43,61,64,78,79
2021-04-20,1628,JI-PARANÁ / RO,9,17,28,43,47,52,72
2021-04-22,1629,RB BRAGANTINO/SP,3,8,13,32,44,51,53
2021-04-24,1630,BOTAFOGO/RJ,5,27,28,44,48,68,79
2021-04-27,1631,FLUMINENSE/RJ.,5,14,20,24,35,58,59
2021-04-29,1632,VITÓRIA/BA,4,5,8,20,23,24,51
2021-05-04,1633,OPERÁRIO/MS,3,8,31,44,48,57,70
2021-05-06,1634,DESPORTIVA/ES,6,16,25,26,28,43,59
2021-05-08,1635,ABC/RN,8,27,35,53,62,65,69
2021-05-11,1636,ATLÉTICO/GO,4,20,30,37,40,50,74
2021-05-13,1637,SERGIPE/SE,4,36,54,63,72,74,77
2021-05-15,1638,GOIÁS/GO,9,19,24,33,37,47,78
2021-05-18,1639,JOINVILLE/SC,9,10,14,33,37,69,79
2021-05-20,1640,"NACIONAL/AM",22,39,40,64,75,77,80
2021-05-22,1641,XV PIRACICABA/SP,2,4,18,55,59,70,80
2021-05-25,1642,SANTA CRUZ/PE,12,14,35,45,47,64,70
2021-05-27,1643,VILA NOVA/GO,11,21,31,38,39,55,73
2021-05-29,1644,DESPORTIVA/ES,8,20,23,39,44,49,55
2021-06-01,1645,PONTE PRETA/SP,10,13,42,45,46,66,77
2021-06-05,1646,PALMAS/TO,10,24,37,64,68,72,73
2021-06-08,1647,BARUERI/SP,29,41,43,44,68,71,80
2021-06-10,1648,JOINVILLE/SC,10,14,18,38,49,62,76
2021-06-12,1649,CORINTHIANS/SP,11,17,19,21,37,66,69
2021-06-15,1650,PONTE PRETA/SP,16,41,50,54,68,76,77
2021-06-17,1651,FIGUEIRENSE/SC,6,19,38,44,48,49,52
2021-06-19,1652,FLUMINENSE/RJ,14,15,22,24,25,31,47
2021-06-22,1653,ATLÉTICO/GO,5,17,39,40,55,65,73
2021-06-24,1654,INTERNACIONAL/RS,1,8,33,42,43,59,76
2021-06-26,1655,LONDRINA/PR,2,3,6,16,24,28,31
2021-06-29,1656,BRASILIENSE/DF,29,32,41,53,55,72,78
2021-07-01,1657,JOINVILLE/SC,6,13,14,17,66,71,75
2021-07-03,1658,MIXTO/MT,20,21,39,49,61,64,72
2021-07-06,1659,OPERÁRIO/MS,15,21,27,36,56,59,66
2021-07-08,1660,JUVENTUS/SP,11,28,43,55,66,73,77
2021-07-10,1661,CRUZEIRO/MG,8,24,36,51,61,73,77
2021-07-13,1662,ATLÉTICO/GO,5,9,24,36,40,42,76
2021-07-15,1663,GAMA/DF,6,15,41,45,51,61,69
2021-07-17,1664,BRAGANTINO/SP,8,21,32,35,50,57,76
2021-07-20,1665,RORAIMA/RR,19,20,23,29,39,67,80
2021-07-22,1666,BANGU/RJ,18,19,42,47,62,65,66
2021-07-24,1667,BRASILIENSE/DF,6,16,21,23,26,39,44
2021-07-27,1668,NÁUTICO/PE,1,11,13,15,57,65,66
2021-07-29,1669,U. BARBARENSE/SP,8,17,50,54,57,63,79
2021-07-31,1670,PARANÁ/PR,10,20,21,25,29,62,80
2021-08-03,1671,GUARANI/SP,15,33,39,44,47,48,67
2021-08-05,1672,TUNA LUSO/PA,1,7,10,34,35,48,75
2021-08-07,1673,IPATINGA/MG,11,22,32,62,70,76,78
2021-08-10,1674,PAULISTA/SP,10,12,15,36,37,58,68
2021-08-12,1675,CSA/AL,13,14,18,22,28,41,55
2021-08-14,1676,AVAÍ/SC,25,32,39,57,58,60,61
2021-08-17,1677,RIO BRANCO/ES,18,28,44,45,52,55,61
2021-08-19,1678,VASCO/RJ,7,9,18,38,42,49,71
2021-08-21,1679,RORAIMA/RR,4,23,29,59,63,74,77
2021-08-24,1680,JUVENTUS/SP,6,10,18,44,55,63,70
2021-08-26,1681,GAMA/DF,7,17,20,28,52,57,75
2021-08-28,1682,BRAGANTINO/SP,7,25,39,48,62,76,77
2021-08-31,1683,MIXTO/MT,4,10,18,25,61,63,68
2021-09-02,1684,BANGU/RJ,4,31,32,58,59,61,80
2021-09-04,1685,AMÉRICA/MG,9,29,30,34,41,46,61
2021-09-09,1686,VILLA NOVA/MG,26,40,42,64,65,70,73
2021-09-11,1687,ABC/RN,33,42,62,65,71,73,75
2021-09-14,1688,ITUANO/SP,5,36,41,42,49,59,79
2021-09-16,1689,DESPORTIVA/ES,9,15,30,32,40,45,68
2021-09-18,1690,AMÉRICA/RN,8,37,42,49,61,68,79
2021-09-21,1691,SANTA CRUZ/PE,4,18,26,29,68,73,79
2021-09-23,1692,PAYSANDU/PA,23,36,43,52,53,69,70
2021-09-25,1693,CORINTHIANS/SP,10,11,22,31,32,50,75
2021-09-28,1694,PORT.DESPORT/SP,1,7,9,18,25,41,45
2021-09-30,1695,PORT.DESPORT/SP,1,22,24,34,39,54,62
2021-10-02,1696,FLAMENGO/RJ,2,24,30,45,71,72,75
2021-10-05,1697,INTER LIMEIRA/SP,3,15,21,32,36,38,61
2021-10-07,1698,AMÉRICA/RJ,3,10,16,40,51,52,79
2021-10-09,1699,RORAIMA/RR,12,18,33,45,49,50,74
2021-10-14,1700,MOTO CLUBE/MA,16,21,41,55,61,62,64
2021-10-16,1701,INTER LIMEIRA/SP,34,48,57,58,69,70,77
2021-10-19,1702,SPORT/PE,14,21,23,24,28,47,51
2021-10-21,1703,SÃO CAETANO/SP,9,11,13,44,53,54,60
2021-10-23,1704,LONDRINA/PR,11,27,42,45,66,74,75
2021-10-26,1705,VASCO/RJ,12,19,32,49,57,58,65
2021-10-28,1706,CSA/AL,16,23,37,42,49,63,77
2021-10-30,1707,MOTO CLUBE/MA,4,6,14,18,30,46,47
2021-11-04,1708,CORÍNTHIANS/SP,34,46,54,67,68,70,77
2021-11-06,1709,JUVENTUDE/RS/STRONG>,6,20,28,40,52,53,80
2021-11-09,1710,AMERICANO/RJ,3,9,14,19,34,52,62
2021-11-11,1711,SAMP.CORRÊA/MA,1,21,42,48,49,59,78
2021-11-13,1712,PAULISTA/SP,18,23,35,38,56,72,80
2021-11-16,1713,BARUERI/SP,8,12,25,29,40,41,73
2021-11-18,1714,SANTOS/SP,7,20,22,37,38,47,71
2021-11-20,1715,VITÓRIA/BA,9,11,16,51,69,70,72
2021-11-23,1716,PORT DESPORT/SP,1,10,11,19,30,50,80
2021-11-25,1717,FORTALEZA/CE,9,13,18,48,69,77,78
2021-11-27,1718,PARANÁ/PR,1,14,29,41,42,51,67
2021-11-30,1719,BOTAFOGO/RJ,2,13,29,43,44,61,70
2021-12-02,1720,RORAIMA/RR,9,22,30,32,40,54,62
2021-12-04,1721,SPORT/PE,15,25,30,33,39,57,74
2021-12-07,1722,ATHLÉTICO/PR,8,22,40,49,60,64,70
2021-12-09,1723,GRÊMIO/RS,17,20,28,32,34,36,50
2021-12-11,1724,UNIÃO S.JOÃO/SP,27,34,41,43,49,76,79
2021-12-14,1725,JUVENTUS/SP,1,25,61,62,63,64,78
2021-12-16,1726,CRB/AL,16,19,31,53,64,71,76
2021-12-18,1727,RIO BRANCO/AC,3,33,38,40,41,70,75
2021-12-21,1728,NÁUTICO/PE,24,25,39,45,47,58,74
2021-12-23,1729,RIVER/PI,14,23,31,35,42,69,80
2021-12-28,1730,JI-PARANÁ/RO,7,14,20,48,58,78,79
2021-12-30,1731,SERGIPE/SE,4,6,37,49,57,60,72
2022-01-06,1732,SANTO ANDRÉ/SP,25,27,31,35,45,52,77
2022-01-08,1733,CRUZEIRO/MG,9,12,20,35,38,39,73
2022-01-11,1734,GUARANI/SP,7,11,21,26,61,65,68
2022-01-13,1735,SÃO CAETANO/SP,1,6,23,28,42,48,72
2022-01-15,1736,SERGIPE/SE,9,15,16,34,42,70,79
2022-01-18,1737,RIO BRANCO/AC,9,11,23,31,35,43,69
2022-01-20,1738,INTER LIMEIRA/SP,3,29,43,50,51,66,71
2022-01-22,1739,UBERLÂNDIA/MG,6,25,40,45,51,66,78
2022-01-25,1740,GRÊMIO/RS,15,37,48,54,63,67,76
2022-01-27,1741,SANTO ANDRÉ/SP,4,34,58,59,66,67,74
2022-01-29,1742,GRÊMIO/RS,5,10,20,41,59,64,70
2022-02-01,1743,GAMA/DF,2,7,8,34,40,43,80
2022-02-03,1744,BARUERI/SP,6,12,14,21,49,55,78
2022-02-05,1745,UBERLÂNDIA/MG,1,2,12,26,49,52,54
2022-02-08,1746,JI-PARANÁ/RO,7,11,14,30,31,36,54
2022-02-10,1747,SANTOS/SP,12,13,23,35,39,48,70
2022-02-12,1748,PAULISTA/SP,2,6,18,26,34,41,78
2022-02-15,1749,LONDRINA/PR,1,6,12,29,38,45,59
2022-02-17,1750,CRUZEIRO/MG,11,55,69,72,75,78,79
2022-02-17,1750,Cruzeiro/MG,11,55,69,72,75,78,79
2022-02-19,1751,River/PI,2,10,13,52,60,63,79
2022-02-22,1752,Guarani/SP,4,18,33,48,56,70,79
2022-02-24,1753,Rio Branco/ES,2,9,14,24,51,55,61
2022-02-26,1754,Villa Nova/MG,2,15,21,25,40,48,68
2022-03-03,1755,Fortaleza/CE,27,40,47,65,67,72,78
2022-03-05,1756,Juventude/RS,1,3,21,30,48,59,65
2022-03-08,1757,Goiás/GO,4,6,27,48,61,64,77
2022-03-10,1758,Criciúma/SC,7,9,15,44,55,59,68
2022-03-12,1759,Botafogo/PB,9,20,25,29,34,42,69
2022-03-15,1760,Paulista/SP,8,12,19,30,33,70,71
2022-03-17,1761,CRB/AL,6,25,26,27,30,58,73
2022-03-19,1762,ABC/RN,3,14,17,45,46,63,70
2022-03-22,1763,Botafogo/RJ,11,26,38,47,56,61,68
2022-03-24,1764,Marília/SP,12,17,27,35,58,62,65
2022-03-26,1765,Samp Corrêa/MA,4,23,32,47,49,64,66
2022-03-29,1766,Athlético/PR,32,43,52,54,69,71,78
2022-03-31,1767,Moto Clube/MA,5,33,35,38,40,56,70
2022-04-02,1768,Bangu/RJ,5,9,20,38,52,54,61
